id,cluster
2796437666975231624,animals_antelope
6806889015642947975,animals_antelope
2408445080222653288,animals_big_horned_sheep
4874510013203979414,animals_big_horned_sheep
15025478245246553525,animals_black_swans
15356373878268866003,animals_black_swans
17188623746839196193,animals_black_swans
18210438813455148110,animals_black_swans
18231618151558915640,animals_black_swans
15371179601164800784,animals_camels
7658298817471280031,animals_camels
2130061471232304399,animals_elephants
3075569100907174765,animals_elephants
5665007424007486381,animals_elephants
2922471222991053945,animals_fennec_fox
4413751037938169122,animals_fennec_fox
9363043229505791790,animals_fennec_fox
11328103927241494233,animals_horses
2577079463066607166,animals_horses
4089238374847948178,animals_horses
8206317732123940164,animals_horses
9486335711423346734,animals_horses
9952684265502224653,animals_horses
13666278483318525427,animals_ostrich
1488451198991190491,animals_ostrich
3773295991320287504,animals_ostrich
8354139878339409714,animals_ostrich
12321491624919413576,animals_ox
17095590482926512676,animals_ox
17830266055347647734,animals_panda_indoors
3641650470964892831,animals_panda_indoors
4561774108097863271,animals_panda_indoors
8820688856910199595,animals_panda_indoors
10457693602554917593,animals_peacock
125479260560314772,animals_peacock
17346559187777185336,animals_peacock
8760256047972639245,animals_peacock
5290667493942423233,animals_peacock_2
7223627151277937923,animals_peacock_2
3083332290204219431,animals_peacock_3
313834108567907594,animals_peacock_3
7424559171627356636,animals_peacock_3
12777848717206572560,animals_storks_and_giraffes
14817399270322422492,animals_storks_and_giraffes
15756784014011390621,animals_storks_and_giraffes
16994165417686237230,animals_storks_and_giraffes
7931711230699546164,animals_storks_and_giraffes
9015533434621970661,animals_storks_and_giraffes
14976864908417806624,animals_tiger
15430948621043778061,animals_tiger
16516271879296385753,animals_tiger
7383187388537999425,animals_tiger
8210867229922699806,animals_tiger
9496898083498603789,animals_tiger
15092197951906558463,animals_tiger_2
2686722809869893595,animals_tiger_2
5030918650489943738,animals_tiger_2
7489741772331704664,animals_tiger_2
111717439354768706,animals_tiger_water
12291269074021541054,animals_tiger_water
14453242490429430645,animals_tiger_water
15183688702399589868,animals_tiger_water
15418814166513088195,animals_tiger_water
16334448228484806649,animals_tiger_water
2765325813556606960,animals_tiger_water
5272796727289553622,animals_tiger_water
5695004779405974628,animals_tiger_water
11246374559655855196,animals_white_deer
4517763227247439691,animals_white_deer
1116386293012085389,animals_white_geese_black_neck
12087558539825308363,animals_white_geese_black_neck
15943439350242826705,animals_white_geese_black_neck
813415296941927072,animals_white_geese_black_neck
10665401644312694171,cluster_1
10675553883684536865,cluster_1
10877315560350236706,cluster_1
11078500141033217018,cluster_1
11185954165271968559,cluster_1
11243414044198951405,cluster_1
11341394191072214327,cluster_1
12749124848207254820,cluster_1
12983189647799310531,cluster_1
13325638455681602057,cluster_1
13359181435889033353,cluster_1
1369641908883619757,cluster_1
13904777710925002793,cluster_1
13989288705361067167,cluster_1
14189803651074615751,cluster_1
14199208620550459852,cluster_1
14530742671174476433,cluster_1
14655694621434073726,cluster_1
14722064269081453404,cluster_1
14730115388658117381,cluster_1
1484927918861350655,cluster_1
14963471189763669791,cluster_1
1505626342688444624,cluster_1
16154808849813413158,cluster_1
16285866167259657680,cluster_1
16424395006805864113,cluster_1
16913036760907132733,cluster_1
17120511908767696487,cluster_1
2247476856557760675,cluster_1
2361404643272310217,cluster_1
318723015958465475,cluster_1
3257260985543417036,cluster_1
3626950663264579764,cluster_1
369397129701182667,cluster_1
375424285426553694,cluster_1
3804246183896092400,cluster_1
3981941262679335092,cluster_1
4123547474748495725,cluster_1
442360582366688459,cluster_1
4480692321883610477,cluster_1
448337354011093024,cluster_1
4690150293225019503,cluster_1
508283755501901083,cluster_1
5106637053520967712,cluster_1
5589806435409798080,cluster_1
5627131575159800772,cluster_1
578072249548107891,cluster_1
5822684474600242139,cluster_1
600690716368044213,cluster_1
6113441787975956986,cluster_1
6411901496635495569,cluster_1
6502277169135265228,cluster_1
6598905692010479812,cluster_1
7211878820344003891,cluster_1
7565419150536995032,cluster_1
848067948475834176,cluster_1
8744953715644303874,cluster_1
8846762954078897631,cluster_1
9016081210879471740,cluster_1
9060386186086836431,cluster_1
914504024565548815,cluster_1
9385409904560713524,cluster_1
9402216011782747671,cluster_1
9403545454935384609,cluster_1
9876637483189561498,cluster_1
9984175060703416592,cluster_1
10002672813921613015,cluster_10
10034638075990270906,cluster_10
10056460102671532115,cluster_10
10232981206524407313,cluster_10
10283407200477528150,cluster_10
10318144956309077116,cluster_10
1036039333968610484,cluster_10
1037471624946966865,cluster_10
10658709883441833666,cluster_10
10679755077091904517,cluster_10
1079669000590963360,cluster_10
10985160311554524168,cluster_10
11194007119631353729,cluster_10
11217999735987482124,cluster_10
11470480238124838199,cluster_10
11546344338661811376,cluster_10
11555920723492393504,cluster_10
11570663355774591155,cluster_10
11680301514183716252,cluster_10
11711123445342193408,cluster_10
11900648883255267615,cluster_10
1202109163688406819,cluster_10
12283157579399717585,cluster_10
12571732621871016433,cluster_10
12620061530851198721,cluster_10
12645428657397165838,cluster_10
12765219200656874680,cluster_10
12793167398015043845,cluster_10
12841774604615913849,cluster_10
12860126285971430605,cluster_10
12870301993372785998,cluster_10
12927745404901831085,cluster_10
12946081882236277804,cluster_10
1306137474826659607,cluster_10
13158804093232414160,cluster_10
13165067728704770948,cluster_10
1323450068796661634,cluster_10
13255291466199807945,cluster_10
13257070966857182109,cluster_10
1326005394881772158,cluster_10
13387663106480505239,cluster_10
1341136021331280287,cluster_10
13488936681144626546,cluster_10
13544891901119347599,cluster_10
13583742609441451799,cluster_10
13592767346173755385,cluster_10
13637383556233452737,cluster_10
13651028841402237710,cluster_10
13667203682340987799,cluster_10
13695121048481679569,cluster_10
13717336742130924444,cluster_10
13759545480686903068,cluster_10
13945857786775925056,cluster_10
14149295966180928494,cluster_10
14214030621822687863,cluster_10
14264652545501617586,cluster_10
14294158361457016705,cluster_10
14340458520245263881,cluster_10
14355344808820591942,cluster_10
14469850917467116489,cluster_10
14524271460852204925,cluster_10
14586144722971078130,cluster_10
1462596385887731109,cluster_10
14664268413106814518,cluster_10
14796554546190672137,cluster_10
14846801321918264045,cluster_10
14851504439804189779,cluster_10
14883321603690779563,cluster_10
14965513954805179901,cluster_10
15043768931442006468,cluster_10
15143026905417778275,cluster_10
15211788767718316084,cluster_10
15320703988190484390,cluster_10
15391881464201161382,cluster_10
15428489750229491532,cluster_10
15475369896046285595,cluster_10
15499068900157423859,cluster_10
15522451417073347050,cluster_10
15587088835320496818,cluster_10
15637316936245518125,cluster_10
15680304848319392749,cluster_10
15753035480842379920,cluster_10
15849769058523628891,cluster_10
1587323288133401238,cluster_10
15903973777542971558,cluster_10
16031963854414346918,cluster_10
16155036586872034584,cluster_10
16248855085028527004,cluster_10
1630098300327507960,cluster_10
1639081321752772370,cluster_10
16491203206866776869,cluster_10
16492381187291947267,cluster_10
16592802927459833155,cluster_10
16637029836905745616,cluster_10
16689571334775308582,cluster_10
16918567785944776929,cluster_10
16943921752050682566,cluster_10
17202057061208824553,cluster_10
17296528507103471118,cluster_10
17425248002674890190,cluster_10
17524776592835453421,cluster_10
17533349949807211794,cluster_10
17618373034858309094,cluster_10
17820599319247461780,cluster_10
17867599782670455497,cluster_10
17979548178277019998,cluster_10
18158647179915786356,cluster_10
18168721147754752755,cluster_10
18247269783350623016,cluster_10
18294685182522193285,cluster_10
18294752017157366795,cluster_10
18316015909618002494,cluster_10
18376311662081060449,cluster_10
18426513528030625579,cluster_10
1879916069548088294,cluster_10
193024571151232839,cluster_10
1996642603050574825,cluster_10
2129096376688023084,cluster_10
2265038529008843835,cluster_10
2297767631048115868,cluster_10
2313579475085018079,cluster_10
2332490184507696377,cluster_10
2366951894119274141,cluster_10
2549750931364169923,cluster_10
2569784127015142204,cluster_10
2610374249744027988,cluster_10
2638923818403806441,cluster_10
265730827757678812,cluster_10
2717862976698570182,cluster_10
2751610968975659910,cluster_10
2848488201678503456,cluster_10
2886304354882496797,cluster_10
2891548365505915190,cluster_10
2943613752730510285,cluster_10
3105294762684643386,cluster_10
3123528369964042404,cluster_10
3129186281568865713,cluster_10
3180550044535127633,cluster_10
3272648073151876831,cluster_10
3390813726863184411,cluster_10
3471681067211892481,cluster_10
3528637533517507430,cluster_10
3782957444134732660,cluster_10
3933978293487164728,cluster_10
3974428161350961996,cluster_10
4089289307603044509,cluster_10
4196835264261062669,cluster_10
4209780144802555174,cluster_10
4237745607947425481,cluster_10
4241537944039545019,cluster_10
4246694084243150473,cluster_10
480214264378105954,cluster_10
4903656544869565612,cluster_10
4904813284472922933,cluster_10
5054401759593532186,cluster_10
5061311136434187472,cluster_10
5080813636828168161,cluster_10
5092289703175042353,cluster_10
5097489789204820273,cluster_10
5238994622033362062,cluster_10
5250401742414570146,cluster_10
5261385567604642759,cluster_10
5279371287851915860,cluster_10
5312239213277205442,cluster_10
5339354584486019302,cluster_10
5436402386597507144,cluster_10
5444276709101999057,cluster_10
5488512942017877704,cluster_10
5547219760774313060,cluster_10
5550390134871848123,cluster_10
5584189121070882393,cluster_10
5697382241313143128,cluster_10
5790006412017977261,cluster_10
5802870010723771419,cluster_10
590927484290628943,cluster_10
6118170296872968775,cluster_10
6351144394054872496,cluster_10
6414709243900314459,cluster_10
6438312933134713123,cluster_10
6460586498618425095,cluster_10
6607207494116356195,cluster_10
6618900026724440414,cluster_10
6657162476112319248,cluster_10
667021095985659649,cluster_10
6722903222903014295,cluster_10
6725179599129254276,cluster_10
6863845282980702709,cluster_10
7012232369429343316,cluster_10
7077286978946490321,cluster_10
737742429173123362,cluster_10
7405831705376664822,cluster_10
7466995998899606044,cluster_10
7755741393383012221,cluster_10
8076504224400925480,cluster_10
814175294380759439,cluster_10
824267298301107060,cluster_10
8248678003055572779,cluster_10
8284814745337242975,cluster_10
8296256720616594904,cluster_10
8456494003577222325,cluster_10
8488995294079842468,cluster_10
8626919106335811260,cluster_10
909879515294457045,cluster_10
9200560742973554379,cluster_10
9300789224516808098,cluster_10
930467621819484201,cluster_10
9364532600434358546,cluster_10
9539593687512498529,cluster_10
9579076472964857108,cluster_10
9655832636777799673,cluster_10
9715584069494886965,cluster_10
9716747749476397686,cluster_10
987970173090111449,cluster_10
9884488254661299505,cluster_10
10068012896430905207,cluster_11
10084799956394655609,cluster_11
10108858518974202889,cluster_11
10137013040634915218,cluster_11
10156205338923399277,cluster_11
10178552569969309793,cluster_11
10214268591228665385,cluster_11
10224676118869403541,cluster_11
10242665334804155502,cluster_11
10255982769559582026,cluster_11
10278113267196501966,cluster_11
10306511373893366731,cluster_11
10318131938049166526,cluster_11
10327726065195715462,cluster_11
10390052858865117417,cluster_11
10420373631994282979,cluster_11
10514564454560872520,cluster_11
10593592069833839426,cluster_11
10631071432966605057,cluster_11
10638559954484901158,cluster_11
10643664779809240782,cluster_11
10662989970849518873,cluster_11
1066676411018271766,cluster_11
10674066686483520190,cluster_11
10691604834639557758,cluster_11
10756357836696331644,cluster_11
10768442511370207328,cluster_11
10844390230443872851,cluster_11
10976489446176108000,cluster_11
11030858451879485908,cluster_11
11078570555419266825,cluster_11
11114339018671136279,cluster_11
11153351715123059681,cluster_11
11202905351109630697,cluster_11
11265453182012299980,cluster_11
11296663714542220389,cluster_11
11300603017893569823,cluster_11
11301283022880292256,cluster_11
11308287576737463137,cluster_11
11310022555725185616,cluster_11
11321611799438939637,cluster_11
11396154944579471936,cluster_11
11399237535927739966,cluster_11
11483262442075923883,cluster_11
11493434716163997996,cluster_11
1157809488279077623,cluster_11
11624213636146490753,cluster_11
11706259681239799073,cluster_11
11731908654141098695,cluster_11
11738274705021639860,cluster_11
11846852431999222237,cluster_11
12027252483198461849,cluster_11
12043723861404422932,cluster_11
1209539747734707646,cluster_11
12186091637235754298,cluster_11
12191460029024532422,cluster_11
12249060852767830709,cluster_11
12275593183925834831,cluster_11
12310882289807353695,cluster_11
12337213940581063557,cluster_11
12359431006053298250,cluster_11
12371542879062927738,cluster_11
12391379837078516224,cluster_11
12414984086680094357,cluster_11
12480674105423448255,cluster_11
12528950493520565905,cluster_11
12532348164104784729,cluster_11
1256793496753044332,cluster_11
12666363354102518700,cluster_11
12715946564810739500,cluster_11
12787544776932184496,cluster_11
12846769861894969779,cluster_11
12854591569030752121,cluster_11
12928492789906347147,cluster_11
12931317833195558370,cluster_11
12990796784439855978,cluster_11
12993811830675803230,cluster_11
13101485815148795777,cluster_11
13162190912215593234,cluster_11
13206584587792740327,cluster_11
1335802119386644609,cluster_11
13465393825121445098,cluster_11
13532735944088893187,cluster_11
13571097998518312968,cluster_11
13620620552044129209,cluster_11
13622767994714842404,cluster_11
13639274117956591534,cluster_11
13668253051733348751,cluster_11
13778403012885142782,cluster_11
13788050687356820717,cluster_11
1382385770749665355,cluster_11
13855328690138935209,cluster_11
13906928329367541194,cluster_11
13942983147146993161,cluster_11
14007640644408569407,cluster_11
14016659377439774721,cluster_11
1412304543988079219,cluster_11
1423837940293007433,cluster_11
1425309883016142702,cluster_11
14266852319750192012,cluster_11
14273342924912254880,cluster_11
14349090885641946716,cluster_11
14373068643943304278,cluster_11
14384856085517070358,cluster_11
14388005796201274463,cluster_11
14412347593056357505,cluster_11
14496662870880305442,cluster_11
14556407802191884713,cluster_11
14573280229420441046,cluster_11
14576396651490455881,cluster_11
14612705890207745237,cluster_11
14633513300500258298,cluster_11
14653338023367921541,cluster_11
14667761514119078859,cluster_11
14677977045708324655,cluster_11
14685038150163278997,cluster_11
14686376860674270156,cluster_11
14782104304552950830,cluster_11
1479355700075648315,cluster_11
14825923331924945211,cluster_11
14835344579435324639,cluster_11
14862632864033291595,cluster_11
14873496051371438231,cluster_11
14937148819283490198,cluster_11
14946408090583899092,cluster_11
14963919019775845322,cluster_11
14970758323785910541,cluster_11
149727257087739003,cluster_11
15014699568467016340,cluster_11
15032581855161369478,cluster_11
1506918803007269561,cluster_11
15122967120777118148,cluster_11
1513777541699915970,cluster_11
1514203568050808412,cluster_11
15230942324940238402,cluster_11
1531686086677749533,cluster_11
15344646523075096540,cluster_11
15392423033620348170,cluster_11
15392791817412355717,cluster_11
15397113629388028798,cluster_11
15404609854068468158,cluster_11
154284345046005641,cluster_11
15458322071880038961,cluster_11
15478200071017185003,cluster_11
1548916458529050362,cluster_11
15492055511932979507,cluster_11
15542189282964716386,cluster_11
15632628843954495672,cluster_11
15638321715704426221,cluster_11
15685522117356140113,cluster_11
15704545173194932114,cluster_11
15725300737366598831,cluster_11
15748629070704934607,cluster_11
15772239429719824619,cluster_11
15804162225675384801,cluster_11
15882531530732727664,cluster_11
15945566508685464273,cluster_11
15948241923873741882,cluster_11
15970232756758674914,cluster_11
16016505205998568613,cluster_11
1601863839391874932,cluster_11
16034155590191433554,cluster_11
16072691376285215831,cluster_11
16074236703419635755,cluster_11
16176784046997266555,cluster_11
16186074485557840978,cluster_11
16186230723442775449,cluster_11
16216944366733477881,cluster_11
16259787039954156514,cluster_11
16347824647512645377,cluster_11
16348893486955838155,cluster_11
16393225677418804305,cluster_11
16414245320451710866,cluster_11
16469245426670165404,cluster_11
16518695842738385797,cluster_11
16568081108131014074,cluster_11
16592762137412826104,cluster_11
16603394832837978165,cluster_11
16631798992338511074,cluster_11
16653590050133239437,cluster_11
16704142119030522265,cluster_11
16776747700541027739,cluster_11
16794773707260414292,cluster_11
16797454180131343317,cluster_11
16799146693585895783,cluster_11
16801535918277698725,cluster_11
1681322758093098613,cluster_11
16833808721366872873,cluster_11
16837804558932125557,cluster_11
16863038173142479182,cluster_11
16866439632494545160,cluster_11
16912900175639018441,cluster_11
16913038312888980605,cluster_11
16959459183200873917,cluster_11
1699357724412584984,cluster_11
17036117858283710476,cluster_11
17069201491068825699,cluster_11
17151460473633133843,cluster_11
17172501526020753224,cluster_11
17222611795065087055,cluster_11
17290890399878580977,cluster_11
17309736579540098298,cluster_11
17334118357194300531,cluster_11
17337358527750075146,cluster_11
17354858289495470349,cluster_11
17423818602290427937,cluster_11
17478866884951727870,cluster_11
17488409042456523348,cluster_11
1751049694890239096,cluster_11
17633170710009883251,cluster_11
17690121051886059332,cluster_11
17691290562735157940,cluster_11
17852014667831633039,cluster_11
17977423037112333066,cluster_11
18035910787504506,cluster_11
18092783626668818727,cluster_11
18102797313408292229,cluster_11
18107773262113462292,cluster_11
18179475045646470416,cluster_11
18187371849543945972,cluster_11
18237777484368525727,cluster_11
1832293206044593063,cluster_11
18428243541439848896,cluster_11
18429570055289628886,cluster_11
18436921968555745619,cluster_11
1863915739915229563,cluster_11
1875111756972463847,cluster_11
1945658723587311168,cluster_11
2192087222175443480,cluster_11
221193017570126229,cluster_11
2225341030114778191,cluster_11
2247296692369490103,cluster_11
225516857359137977,cluster_11
2299735422577179299,cluster_11
2325864797527003890,cluster_11
240773757587674529,cluster_11
2443977389030294725,cluster_11
2448201211348365141,cluster_11
2573261364583983976,cluster_11
2584699245745252636,cluster_11
2627820526020257657,cluster_11
2630738354527335518,cluster_11
2647213432489391897,cluster_11
2657806636856045621,cluster_11
2673098548094691606,cluster_11
2724666010142377029,cluster_11
2730246718901650275,cluster_11
2766950578991773223,cluster_11
2769399647723426769,cluster_11
2828868974225801202,cluster_11
2843587668424218867,cluster_11
2876235820232182790,cluster_11
288398525940784654,cluster_11
2904959253750193102,cluster_11
296615042451769672,cluster_11
2974465712472961063,cluster_11
2993155176988943067,cluster_11
301068820154052880,cluster_11
3091843147866659994,cluster_11
3119503085757596180,cluster_11
3123521601126667264,cluster_11
3180237011025322321,cluster_11
3208776243093252194,cluster_11
3241987831815261771,cluster_11
3271587475890470544,cluster_11
3281367624645276508,cluster_11
3333260518438819982,cluster_11
3374128070753504878,cluster_11
3400307434911303780,cluster_11
3400431991933478223,cluster_11
3411283134482760468,cluster_11
3452085392185048708,cluster_11
351122476443392576,cluster_11
3575860154437041250,cluster_11
3583315996633062423,cluster_11
361009850506440089,cluster_11
363702325510837166,cluster_11
366632336552669072,cluster_11
3751558453885238420,cluster_11
3772439343567112927,cluster_11
3798975556861652411,cluster_11
392355668889479137,cluster_11
397863318267697086,cluster_11
3984297108000898829,cluster_11
4042491761205907144,cluster_11
404577835804339156,cluster_11
4052294998515838304,cluster_11
4137835547547578135,cluster_11
4181412060625506237,cluster_11
4204771479111320238,cluster_11
4230599930258660259,cluster_11
4244355589375708693,cluster_11
4284346238836765545,cluster_11
4353340198087928688,cluster_11
4360111985048084608,cluster_11
4402835139618994230,cluster_11
4419592170594694336,cluster_11
4431145541053116844,cluster_11
4482156107171210005,cluster_11
4500822198600690651,cluster_11
4582315413720669576,cluster_11
460691566323310995,cluster_11
4631497873507082562,cluster_11
4656547921517888894,cluster_11
4690616107490263808,cluster_11
471506697396258435,cluster_11
4764288853396933913,cluster_11
4807777792439494368,cluster_11
4819531831435310398,cluster_11
4824853144333213008,cluster_11
4862749460869001676,cluster_11
4870346096200992252,cluster_11
4941400716864130259,cluster_11
4994308974536268034,cluster_11
5038462977549668462,cluster_11
504869444123153451,cluster_11
5059608577566174884,cluster_11
5154837042700215154,cluster_11
5170104350160857905,cluster_11
5224188627817910892,cluster_11
5277240176693473632,cluster_11
5304348637350975056,cluster_11
5307140363469027810,cluster_11
5368662136571660399,cluster_11
5436724895366369293,cluster_11
5437616916976059215,cluster_11
5439907590077053517,cluster_11
5482257461254211163,cluster_11
5533163222378237971,cluster_11
5578461726951290385,cluster_11
558528032335564811,cluster_11
5586131146599473821,cluster_11
5590411887390555641,cluster_11
5594166519015584175,cluster_11
5606192507666052027,cluster_11
566567535803591966,cluster_11
5682845357690589496,cluster_11
5696380139291274805,cluster_11
5706426556863304555,cluster_11
5711910338755450441,cluster_11
5741473062504466742,cluster_11
5747990736762747,cluster_11
5822616129601762163,cluster_11
5872830711570976933,cluster_11
5878422864339219468,cluster_11
5968317494951086504,cluster_11
5980537837555515722,cluster_11
5989009599989846246,cluster_11
6034293767745385138,cluster_11
603486959061647067,cluster_11
6041680801941308922,cluster_11
6091028063767518194,cluster_11
6119677716839104391,cluster_11
6124338552908306381,cluster_11
6286606020052279588,cluster_11
6325316994224657374,cluster_11
6336117495900853565,cluster_11
6347163558574150111,cluster_11
6428933862222283799,cluster_11
6447950062436918375,cluster_11
6476247376985100987,cluster_11
6476921803551809553,cluster_11
6492844895985535960,cluster_11
6511058074653680575,cluster_11
6535486126964616835,cluster_11
6541938255921393503,cluster_11
6549380159740124189,cluster_11
6556520671597908526,cluster_11
6578190882780024413,cluster_11
6581411273129187113,cluster_11
6592000546814488542,cluster_11
6618570711824458254,cluster_11
6769561179529148344,cluster_11
683334512492051338,cluster_11
6922101103648232869,cluster_11
6952569277566731213,cluster_11
6966728532260011880,cluster_11
6968450879041261886,cluster_11
6976613050987343212,cluster_11
6987142445492185170,cluster_11
7008245565339479172,cluster_11
7018027738806498233,cluster_11
7039025129510709403,cluster_11
7080768953067538394,cluster_11
7080771352221183170,cluster_11
7094451913427080840,cluster_11
7096532267840002088,cluster_11
7129729661507006721,cluster_11
7130251045498128063,cluster_11
7152689370745454847,cluster_11
7181706262562241668,cluster_11
7183553355278606412,cluster_11
7224530831972032793,cluster_11
7236969705006783426,cluster_11
725056905723492869,cluster_11
7253502362668814879,cluster_11
7256423365997672092,cluster_11
7362856997443524698,cluster_11
7393238925671638306,cluster_11
7413560489702501286,cluster_11
7416440385478450224,cluster_11
7441309077290794782,cluster_11
7523912302710080592,cluster_11
7526080262147380158,cluster_11
754656795991677790,cluster_11
757926436157850573,cluster_11
773037666286638884,cluster_11
7820693904172760664,cluster_11
7853074422761152932,cluster_11
7879137831619105622,cluster_11
8003877745086405370,cluster_11
8062123671151004475,cluster_11
8105343089021961411,cluster_11
8105638006623381209,cluster_11
814258698712593215,cluster_11
8179323503511855281,cluster_11
8213344075110825428,cluster_11
8229037055821228288,cluster_11
8239700265164930479,cluster_11
8287387824463425471,cluster_11
8292521320222496402,cluster_11
8324934697104179438,cluster_11
8386556888618129915,cluster_11
8416890556196680791,cluster_11
8423940755038037223,cluster_11
8436756731128414393,cluster_11
8488401083060243693,cluster_11
8502226167089800985,cluster_11
8533789584003329885,cluster_11
8554239456719682433,cluster_11
8562458123105026684,cluster_11
8565610481030993204,cluster_11
8623781616530491365,cluster_11
8652549075907451520,cluster_11
869140306193778661,cluster_11
8697118948247109360,cluster_11
870913745001588422,cluster_11
871433783428802456,cluster_11
8726710887396116948,cluster_11
8754064221132610220,cluster_11
8760835317496463442,cluster_11
8830607752858154899,cluster_11
8874107921619121971,cluster_11
8941931303959914751,cluster_11
8957083220716267188,cluster_11
8957698300278181748,cluster_11
8962811190966134307,cluster_11
897436296147056521,cluster_11
900234926410044505,cluster_11
9076997693203206345,cluster_11
9080726280888296121,cluster_11
9186278081842262497,cluster_11
9313527802721613752,cluster_11
9343582315334699685,cluster_11
9429482219882891186,cluster_11
9495900052969455947,cluster_11
9542671382113390220,cluster_11
956404261670689997,cluster_11
9593643566133306587,cluster_11
96055145693410156,cluster_11
970270411392862161,cluster_11
9810838604893364196,cluster_11
9922597386081684345,cluster_11
9935342050956165343,cluster_11
9942961759183617837,cluster_11
9949380736406667469,cluster_11
1023327535070136989,cluster_12
10646530246715543553,cluster_12
10891117201999956151,cluster_12
10908519449825267514,cluster_12
11111317131595127300,cluster_12
11322587620235841917,cluster_12
11730722368654022312,cluster_12
13040276497483783206,cluster_12
14537823230235536782,cluster_12
14802949761255250525,cluster_12
15087363245695912367,cluster_12
15162639260384279035,cluster_12
15551328389257912901,cluster_12
15722318889989442904,cluster_12
15977397154488452352,cluster_12
16172336167651363236,cluster_12
16440118593879806089,cluster_12
16580494600986232015,cluster_12
17219772524559379280,cluster_12
17392720872779623722,cluster_12
18040892363675719739,cluster_12
1965148958310273536,cluster_12
230004385727211977,cluster_12
2482986803101084308,cluster_12
253763439168767252,cluster_12
2850595053200135485,cluster_12
2989656811285712418,cluster_12
3076420384799058124,cluster_12
3243734133251632447,cluster_12
3489181143590472231,cluster_12
3510157682113124076,cluster_12
4181133442904104116,cluster_12
4446015701837666826,cluster_12
4794612937913497662,cluster_12
5621547068024082198,cluster_12
5693082825320630984,cluster_12
6094683008692291021,cluster_12
6585236628833357468,cluster_12
6808985772790711288,cluster_12
7108750706013281268,cluster_12
7469474529495045061,cluster_12
8487802504981033790,cluster_12
8860114001875742304,cluster_12
9001654398215915727,cluster_12
9056634895029043119,cluster_12
9722418938962263447,cluster_12
9911585118205289541,cluster_12
10076324633204084595,cluster_13
10081435122427592003,cluster_13
10239392742488873425,cluster_13
10241524179068396065,cluster_13
10350784365160863566,cluster_13
10458849882286820131,cluster_13
10482471169034963513,cluster_13
10553810828799731487,cluster_13
10808365867202997864,cluster_13
1083835812533094073,cluster_13
11124285325955450880,cluster_13
11180598794627341818,cluster_13
11286017933637284818,cluster_13
11292130021298430533,cluster_13
11335626234852834055,cluster_13
11379624050245357354,cluster_13
11421802793229152299,cluster_13
11687859413956588832,cluster_13
11693903660983093049,cluster_13
11759117761509410088,cluster_13
12152155281541364465,cluster_13
12254674860804175388,cluster_13
12265477550218661473,cluster_13
12270081080918730089,cluster_13
1231359265381733123,cluster_13
12441270494832473534,cluster_13
12475971032595384520,cluster_13
12503544608841643249,cluster_13
12554066507661484507,cluster_13
12576533018105760380,cluster_13
12582182741984035159,cluster_13
12592868654096756982,cluster_13
12610571015519499516,cluster_13
12834309730267885312,cluster_13
12917776338282701249,cluster_13
1306389865233569638,cluster_13
13314459961863081975,cluster_13
13588341113486355629,cluster_13
1370891130838877883,cluster_13
13741615079899469599,cluster_13
13787795738125429420,cluster_13
13895796201545951292,cluster_13
13907830515177468255,cluster_13
14024796732354829704,cluster_13
14048157368075938837,cluster_13
14169047495995513050,cluster_13
14192675249392455110,cluster_13
14308881120937701577,cluster_13
14408141488720325125,cluster_13
14478927261783177273,cluster_13
14813828749967953407,cluster_13
14937211484384500239,cluster_13
14985607024283870894,cluster_13
15035594392399518197,cluster_13
15294538175453107318,cluster_13
15356380288943330230,cluster_13
1541154068633308790,cluster_13
15635063649396007551,cluster_13
15758909819693550515,cluster_13
15850840675411092296,cluster_13
15852453456740342208,cluster_13
16203890471435369893,cluster_13
16534761997734504523,cluster_13
16560636039978341222,cluster_13
16771260595611287766,cluster_13
16841681045660907618,cluster_13
1689012710533002010,cluster_13
16975447079391308473,cluster_13
17099866658014121661,cluster_13
17153432914250175827,cluster_13
17323076049846754623,cluster_13
17323752681748355981,cluster_13
17367899869925066806,cluster_13
17676600416880246756,cluster_13
17815013564661878299,cluster_13
17859724542129200798,cluster_13
17932807514607671918,cluster_13
18074964933109873252,cluster_13
18179849684397220362,cluster_13
18273922468678266995,cluster_13
18281762773018330862,cluster_13
18419583976057033136,cluster_13
18975246810038865,cluster_13
196020060203712499,cluster_13
1965423127976195156,cluster_13
2105163257633945107,cluster_13
2174338274552523642,cluster_13
2352571018022910723,cluster_13
2416837954302229078,cluster_13
2501620904942221418,cluster_13
256915543720001161,cluster_13
2610594974559026306,cluster_13
2719679196594321269,cluster_13
280650402782707429,cluster_13
286728053717291059,cluster_13
2938649719633521532,cluster_13
2961059934806403292,cluster_13
3149478538559649235,cluster_13
3285961131116251453,cluster_13
3300719383746299837,cluster_13
3315695795598377001,cluster_13
3357427581749319956,cluster_13
3407665206500568426,cluster_13
3465893021158367789,cluster_13
3627938117124286814,cluster_13
3681341913207312750,cluster_13
3881446064530255815,cluster_13
4042178020255410043,cluster_13
4105207542844419259,cluster_13
4210867786029060195,cluster_13
4300446046426598969,cluster_13
4450743453890653371,cluster_13
4526591625549884101,cluster_13
4552566088381965127,cluster_13
4704765881309299257,cluster_13
4716491515610252547,cluster_13
4744919135843382280,cluster_13
4752589833765379956,cluster_13
4812279749195210147,cluster_13
4851965503884943550,cluster_13
4870659409153357313,cluster_13
4929903361970610464,cluster_13
513157105254623320,cluster_13
519582370341196471,cluster_13
5305641697928282918,cluster_13
5455058455867729771,cluster_13
5534722616232182253,cluster_13
5535144346560707254,cluster_13
5544347176882956623,cluster_13
5552142725798828542,cluster_13
5667285801276182984,cluster_13
5818023059573036988,cluster_13
6173298721975082132,cluster_13
6314457533775617157,cluster_13
6371427832760467146,cluster_13
6474636969513615162,cluster_13
6565620495815704390,cluster_13
6599302745766276118,cluster_13
6602276891785643670,cluster_13
6642237340738064651,cluster_13
6666233922924855804,cluster_13
669033896523470482,cluster_13
6884874407896902403,cluster_13
698074682035537213,cluster_13
6993860646206883120,cluster_13
7053765646861989866,cluster_13
7064827183227119772,cluster_13
7168421413040801808,cluster_13
7245258323467228171,cluster_13
7409314670656292674,cluster_13
7507259976404919318,cluster_13
7536497400775270496,cluster_13
7726252359331514120,cluster_13
7728003389609784127,cluster_13
7807413941115157530,cluster_13
7912836567495754725,cluster_13
7915634937575242265,cluster_13
8115546014757469969,cluster_13
8172174123635381587,cluster_13
8294691974632180282,cluster_13
8324373745893212160,cluster_13
8488427178382591958,cluster_13
8589244008580731378,cluster_13
8670328374389149860,cluster_13
8715657159705121655,cluster_13
8750514759583991667,cluster_13
8760321949284960327,cluster_13
8805991622865848021,cluster_13
883093839228713346,cluster_13
8952536124125316794,cluster_13
8955874342213678087,cluster_13
899816972927409923,cluster_13
9015890249972456042,cluster_13
9166378520143922798,cluster_13
9224157307303634576,cluster_13
9390148902175130073,cluster_13
9464354099902763517,cluster_13
9563321460571057440,cluster_13
9644644833151751896,cluster_13
9656063617720876264,cluster_13
9730065085814348984,cluster_13
9962171029342103198,cluster_13
9968885446569436202,cluster_13
10034701355458161374,cluster_14
10068658462201421253,cluster_14
10167281261326785845,cluster_14
10168355229603548013,cluster_14
10212446992320167940,cluster_14
10419942069842596528,cluster_14
10693935720611251430,cluster_14
1071434776534258354,cluster_14
10742135208072031975,cluster_14
10805202681994114703,cluster_14
10841011144092027625,cluster_14
10867601690216522713,cluster_14
11024349036793147294,cluster_14
11205644469166030718,cluster_14
11299420401615824467,cluster_14
11338098773237743237,cluster_14
11422201562188641805,cluster_14
11454186441060468207,cluster_14
11554350345589565670,cluster_14
11620614660485506433,cluster_14
1187241559743869813,cluster_14
1188551834639041329,cluster_14
11997939559871779544,cluster_14
12442746614238530984,cluster_14
12710236979888213504,cluster_14
12777487760170484796,cluster_14
1278855921483931557,cluster_14
12897457947012239070,cluster_14
12980219967268439695,cluster_14
13146285988133830156,cluster_14
13155610386482068810,cluster_14
13357887802719671842,cluster_14
13409896401550352532,cluster_14
13423845129930452175,cluster_14
13554796294275223442,cluster_14
13761674305823005859,cluster_14
13884557127553072111,cluster_14
14401782931810505720,cluster_14
1441187268272350799,cluster_14
14517464333634309792,cluster_14
14539088499793528572,cluster_14
14562240355074149183,cluster_14
15340115785035529225,cluster_14
15344670714433956622,cluster_14
15507101762549755377,cluster_14
15570275905045009701,cluster_14
1563399331744812640,cluster_14
15731307064305979325,cluster_14
15816442144271757524,cluster_14
1593269656046491784,cluster_14
16117717981750949679,cluster_14
16141798881628445261,cluster_14
16407191163245327718,cluster_14
16515029693595504869,cluster_14
16574038186631444668,cluster_14
16657074074193177099,cluster_14
16745170875177286875,cluster_14
16754457095506960771,cluster_14
1693337165633365419,cluster_14
16967784380283799109,cluster_14
17004714541843675543,cluster_14
17347631358345407980,cluster_14
17424316755842863787,cluster_14
17506716258665697176,cluster_14
17524973806096451161,cluster_14
1806958453767246853,cluster_14
1901999277624612211,cluster_14
2229297445545243595,cluster_14
2373226713079084265,cluster_14
2407574210469530010,cluster_14
2450679497836151627,cluster_14
2502879711149489707,cluster_14
2900548405419746933,cluster_14
2989502728935528189,cluster_14
3293233861143200909,cluster_14
3468418602722623919,cluster_14
3642062056493143982,cluster_14
3785149452428043014,cluster_14
3804373182872425732,cluster_14
3904215820504773670,cluster_14
407189111992294848,cluster_14
4085060593638238679,cluster_14
4158578655165217156,cluster_14
4236192850971070325,cluster_14
4601775921314168307,cluster_14
4682005576274628901,cluster_14
5232297699116252025,cluster_14
52820421859367909,cluster_14
5426385402093454993,cluster_14
5634082806415916488,cluster_14
5659821744448017138,cluster_14
5793875856278101412,cluster_14
5817479820787697469,cluster_14
5856083452322781078,cluster_14
5872836723217957611,cluster_14
6035891279287947015,cluster_14
6061899783567667272,cluster_14
611912665747204542,cluster_14
6199312874368858814,cluster_14
6254830911583912740,cluster_14
6268082531452872448,cluster_14
6531732130560249312,cluster_14
681299423853362234,cluster_14
6819923773371912569,cluster_14
6832717862914258295,cluster_14
686391848143935111,cluster_14
692731771145079725,cluster_14
7095126847407180922,cluster_14
7485118116045359245,cluster_14
7669545249509359810,cluster_14
7721147826337619749,cluster_14
7916873495750030283,cluster_14
799850027900700292,cluster_14
8030553191626051949,cluster_14
8104059464448373230,cluster_14
8111655215769241650,cluster_14
8189261591248036731,cluster_14
8413667147306870290,cluster_14
8433169429644591234,cluster_14
8529089753835236414,cluster_14
9341219008831684460,cluster_14
9360044252150152476,cluster_14
9371874078925405186,cluster_14
9835255544296372487,cluster_14
9949535053986008875,cluster_14
13692767756218937462,cluster_15
5409434068665624106,cluster_15
10125178128659440683,cluster_16
10180673204818240864,cluster_16
1033272544384259020,cluster_16
10510586749145280892,cluster_16
10536134137053835517,cluster_16
10720629877409613240,cluster_16
10769092019676523314,cluster_16
1082276561786146485,cluster_16
10831511439934288249,cluster_16
10907243932155534013,cluster_16
1106589424885202630,cluster_16
11100966859069444291,cluster_16
1132763156359098799,cluster_16
12033201083383841727,cluster_16
12356694715351174590,cluster_16
12378875764482869076,cluster_16
12459145051171834792,cluster_16
12483684826548131086,cluster_16
12548534343478322862,cluster_16
12549079103310200490,cluster_16
12620560318230596214,cluster_16
12825435631785292006,cluster_16
12900325207421115598,cluster_16
12964705460123532546,cluster_16
12983327418930299915,cluster_16
13002581546063157269,cluster_16
13520006562015986200,cluster_16
13701706385213083370,cluster_16
13735509822956982940,cluster_16
13995450833648613244,cluster_16
14009972445053341356,cluster_16
14119247506798375543,cluster_16
14195798012845331768,cluster_16
14284854560807870766,cluster_16
14334417303934119011,cluster_16
1443745962076280648,cluster_16
1461699196221936164,cluster_16
14809297529422955602,cluster_16
14956518698861016093,cluster_16
15307492862635004946,cluster_16
15529269308811042713,cluster_16
15679776075632411519,cluster_16
15758872543590403820,cluster_16
1597589744792049737,cluster_16
16002639211069954532,cluster_16
16018864494356482945,cluster_16
16031963964259191392,cluster_16
16190334296727482968,cluster_16
16291136741268835608,cluster_16
16293649443005276932,cluster_16
16300544534067480196,cluster_16
16534787040461240036,cluster_16
16578699589789070141,cluster_16
16721582987727532831,cluster_16
17025002794780957035,cluster_16
17029451225897986529,cluster_16
17059628620973811686,cluster_16
17471046855131083038,cluster_16
17785868430305932152,cluster_16
17824238131192524551,cluster_16
17867328775591262471,cluster_16
17917544134288795200,cluster_16
17988000691974087390,cluster_16
18204135652648287591,cluster_16
18237891795503686853,cluster_16
18295135436393546342,cluster_16
2068142076729009845,cluster_16
2405711938088756473,cluster_16
2924328855628448768,cluster_16
2938670690719835587,cluster_16
3001172154752244016,cluster_16
3414799180722390810,cluster_16
3665916994727894679,cluster_16
3679721667829709899,cluster_16
3745365604979242343,cluster_16
3752918968099505424,cluster_16
3789305745955266600,cluster_16
3808650322611254542,cluster_16
3811324098199827444,cluster_16
3926581287077447173,cluster_16
4239304681796700394,cluster_16
424753787163772705,cluster_16
4604257830856031808,cluster_16
4738958301373951619,cluster_16
4768752015748607570,cluster_16
4952354108937565349,cluster_16
5002972119370492964,cluster_16
5454414025870033644,cluster_16
5497219959091367232,cluster_16
5698875869970760451,cluster_16
5741989226584421209,cluster_16
5877638524073945959,cluster_16
591431790224110927,cluster_16
6103357533871257721,cluster_16
6277889960383746301,cluster_16
6379182828467310578,cluster_16
6475215093998840989,cluster_16
6527056255122146449,cluster_16
661312878524932508,cluster_16
6709154101777055025,cluster_16
694789543364614417,cluster_16
7120019856664490846,cluster_16
7245382200468302988,cluster_16
737016369767499803,cluster_16
7388136817122282932,cluster_16
7554255318690611106,cluster_16
7682596807437363506,cluster_16
7727040543679271120,cluster_16
8011848363024736565,cluster_16
8029025889543866738,cluster_16
8210671805824505652,cluster_16
8271396729736711015,cluster_16
8290333995674250242,cluster_16
8435722751652918341,cluster_16
8459071315082196712,cluster_16
8636701429771719915,cluster_16
8927738229600327538,cluster_16
9077197157425734581,cluster_16
9237389510376145308,cluster_16
9238572463688237724,cluster_16
943697908240637426,cluster_16
9569966429759431951,cluster_16
9611153333552607928,cluster_16
9659244835144993206,cluster_16
9988098868448036349,cluster_16
10034419136200140977,cluster_17
100806003885460899,cluster_17
10085187031364567732,cluster_17
10095751637087164852,cluster_17
10128616360973218654,cluster_17
10180008394097512641,cluster_17
10218332378316991641,cluster_17
10312601692560389292,cluster_17
10384193900428482971,cluster_17
10403069136214306448,cluster_17
10410243838259707599,cluster_17
10417666969093826248,cluster_17
1045152873901050889,cluster_17
10519084482696130448,cluster_17
10599756471636280704,cluster_17
10757158465538703262,cluster_17
10767818223219656370,cluster_17
11217972445106776159,cluster_17
11236505542848234363,cluster_17
11245694895916293975,cluster_17
11296599859556964121,cluster_17
11444412891074851175,cluster_17
11465432741240714956,cluster_17
11513682788202468004,cluster_17
11631019614561851921,cluster_17
11650571445250913821,cluster_17
11701570333031828662,cluster_17
11809987429485321380,cluster_17
11937925569970402724,cluster_17
12194168686413623509,cluster_17
12324366531979947172,cluster_17
12333043201658808870,cluster_17
12559632577618501786,cluster_17
12605566723361371779,cluster_17
12698120626178787798,cluster_17
12797302122784285788,cluster_17
12842983723495271763,cluster_17
12998520220097806359,cluster_17
13132413412357804953,cluster_17
13264174119596970726,cluster_17
13281978755658715977,cluster_17
13387553767579244607,cluster_17
13454924877331804507,cluster_17
13487992794299779972,cluster_17
13514333115125503584,cluster_17
13538186904303506322,cluster_17
13541166908856739722,cluster_17
13612651455884561119,cluster_17
13709418643669145046,cluster_17
13802557398096943803,cluster_17
13843470377013833379,cluster_17
13938508830220215404,cluster_17
14036995412051150038,cluster_17
14071072313745828856,cluster_17
14078915225533081525,cluster_17
1408631803530608089,cluster_17
14102179157773279881,cluster_17
14102705198087274744,cluster_17
14170893943509105009,cluster_17
14387524118248384149,cluster_17
14470013085430172903,cluster_17
14493478170222181887,cluster_17
14548322117941714482,cluster_17
1463632710523204819,cluster_17
14818178442812761014,cluster_17
14970551708845786624,cluster_17
15007685808742578511,cluster_17
15010792378263963204,cluster_17
15019279765689704405,cluster_17
15055870186816676715,cluster_17
15077615178347866537,cluster_17
1507970857013961082,cluster_17
15233617869370138178,cluster_17
15279992757412310077,cluster_17
15310403442198593402,cluster_17
15323005463866733777,cluster_17
15351501751774520838,cluster_17
15394062985489874311,cluster_17
15403409880037985440,cluster_17
15571074399695021617,cluster_17
15578365962553250009,cluster_17
15617895238726034340,cluster_17
15646933991011147295,cluster_17
15683324321494856547,cluster_17
15933307988880993654,cluster_17
15977050591160827378,cluster_17
16014534495500305398,cluster_17
1601555773710643291,cluster_17
16263370011730364611,cluster_17
16364031494143464865,cluster_17
16439401474246188712,cluster_17
16581091013297726495,cluster_17
16698923378758587151,cluster_17
16796193026761706388,cluster_17
1681242962421456431,cluster_17
1685580036327455131,cluster_17
16953346671795295053,cluster_17
1719443134655235649,cluster_17
172491082008330179,cluster_17
17305652308847129343,cluster_17
17335762583691295495,cluster_17
17384373640365890267,cluster_17
17427369759857269478,cluster_17
17478333997764176162,cluster_17
17579511326238686693,cluster_17
17627949849774160568,cluster_17
17642296476094694350,cluster_17
17762583947593353180,cluster_17
1777227677019661798,cluster_17
17789956001768357631,cluster_17
18001579396181061572,cluster_17
18005127221031086846,cluster_17
18332916231833259006,cluster_17
18392028122632329470,cluster_17
18409785248149866899,cluster_17
1921670448782067884,cluster_17
2169141948394622517,cluster_17
2229183722422786714,cluster_17
2273234082020975874,cluster_17
2322425632173465311,cluster_17
2331679903562196942,cluster_17
2344113627417379126,cluster_17
2448512704079532421,cluster_17
2457016693701574520,cluster_17
2533053673897301226,cluster_17
2694823920036832357,cluster_17
2701004315370922774,cluster_17
27571806797653109,cluster_17
2975142130943723358,cluster_17
3058003118740755422,cluster_17
3073622952512552075,cluster_17
3132499402403433279,cluster_17
3238547601620301243,cluster_17
3306804772726948727,cluster_17
3320825693038097939,cluster_17
3472651404254455652,cluster_17
3549449991443500958,cluster_17
3568841662870852141,cluster_17
3583815641843563968,cluster_17
3691640215258233729,cluster_17
3710380160598594555,cluster_17
3730037858728424969,cluster_17
3882646622888967567,cluster_17
3916500022583386397,cluster_17
3953278916042790332,cluster_17
4181295907031666242,cluster_17
4231242315478276998,cluster_17
4271634669432819935,cluster_17
4292473708811493047,cluster_17
4448138370651009846,cluster_17
4493802271563317357,cluster_17
4643381749236242814,cluster_17
4817005062883058279,cluster_17
4857569243331087661,cluster_17
4868974503364837453,cluster_17
4888954885337625780,cluster_17
4913698148193857427,cluster_17
5050095081409705624,cluster_17
5055397038251666966,cluster_17
5135246704787315742,cluster_17
5391266129997706194,cluster_17
5550350517008248556,cluster_17
565932379929721503,cluster_17
5686877871864252269,cluster_17
5729591228383251463,cluster_17
5751433728783180602,cluster_17
5811059814893619242,cluster_17
6048672379620343379,cluster_17
6082099286708421721,cluster_17
6131595700602303537,cluster_17
618229392381069627,cluster_17
6185196751890834221,cluster_17
62315487069870637,cluster_17
6241757261059664963,cluster_17
630966937780501088,cluster_17
6395615772569039770,cluster_17
6582104604854025885,cluster_17
6617580935362905149,cluster_17
6790352047403043854,cluster_17
6963333416934200590,cluster_17
6964705143034836330,cluster_17
7205858750961222624,cluster_17
7265763685131412282,cluster_17
7466383170426427109,cluster_17
7771866893402839022,cluster_17
7860474449687203076,cluster_17
8061922571664666928,cluster_17
8252678314148379356,cluster_17
851490798994421960,cluster_17
8561977662563356360,cluster_17
8565227402951967779,cluster_17
8596383674765762071,cluster_17
8598075554344627653,cluster_17
8794508667264471469,cluster_17
8854237036299653150,cluster_17
9026763316266219369,cluster_17
9080017607929741106,cluster_17
9165599623734267755,cluster_17
9196728957872485899,cluster_17
9224462921060294257,cluster_17
9251434329886023825,cluster_17
9306811654218281795,cluster_17
9345738656116700696,cluster_17
9374149979134464308,cluster_17
9374212723693714489,cluster_17
9396300846728522177,cluster_17
9808185594771803377,cluster_17
9857586291473746592,cluster_17
9964581915479320926,cluster_17
10073374695675195041,cluster_18
10077531788404171955,cluster_18
10091798092201137757,cluster_18
10170168169782848403,cluster_18
10336310008021883633,cluster_18
10409377128979302097,cluster_18
10442868337425228728,cluster_18
10518649623377477005,cluster_18
10684971523164505361,cluster_18
10804018812178427,cluster_18
11088331091637739736,cluster_18
11156688332191204127,cluster_18
11158829398231542327,cluster_18
11161613320277155201,cluster_18
11201709417105563149,cluster_18
11313532879772291217,cluster_18
1136431182422403734,cluster_18
11399718613455284782,cluster_18
11424803915299736132,cluster_18
11479371178888963477,cluster_18
11562725430992816467,cluster_18
12018363234603814409,cluster_18
12102045416226365492,cluster_18
12115868830672941514,cluster_18
12180532909584443170,cluster_18
12192708913345900636,cluster_18
12197754767641080291,cluster_18
12239118234690442217,cluster_18
12335902963869997160,cluster_18
1268126512589097632,cluster_18
12745600912263993432,cluster_18
12747435630703804371,cluster_18
12808779107195514052,cluster_18
12873406961246267248,cluster_18
12901817071638607336,cluster_18
1297640199759580981,cluster_18
12996318645671853501,cluster_18
13188644659143318844,cluster_18
13209866054188241332,cluster_18
13297075007985218544,cluster_18
13350977523456302718,cluster_18
1345637708724328021,cluster_18
13472053400746735129,cluster_18
13715523730533393541,cluster_18
13757715299898443399,cluster_18
13811675474225306280,cluster_18
14091938816783367838,cluster_18
14124813423892560492,cluster_18
14131088454697266015,cluster_18
14136000840732541755,cluster_18
14157150987876435157,cluster_18
1420167460010044414,cluster_18
14238713486319936825,cluster_18
14243278788929986312,cluster_18
14308667855167736001,cluster_18
14531151609909875317,cluster_18
14573883420252720351,cluster_18
14616994079524861520,cluster_18
14652342528123747940,cluster_18
14737914618330968590,cluster_18
14804871600879534479,cluster_18
14811517317805883603,cluster_18
14936954362731732171,cluster_18
14950383042883884037,cluster_18
14962373858169101894,cluster_18
1519695048939856393,cluster_18
15295385993348591939,cluster_18
15329360345373035200,cluster_18
15458876101223422182,cluster_18
15467357398555530809,cluster_18
15571206939873185465,cluster_18
15639448803027115071,cluster_18
15742639515389762123,cluster_18
15746240846518305493,cluster_18
15750445374489763756,cluster_18
15842221163824379438,cluster_18
15915535943185623381,cluster_18
15950531563055988888,cluster_18
16028947054513613786,cluster_18
16044528354313328080,cluster_18
16159266503413934208,cluster_18
16354043832229263175,cluster_18
16406922084604015288,cluster_18
16472003381815097179,cluster_18
16524480890148777258,cluster_18
16579413583343421133,cluster_18
16773018624417580405,cluster_18
16776739012545938506,cluster_18
16834609948051030466,cluster_18
1685287554092345086,cluster_18
16862856317339348888,cluster_18
16949501897722708449,cluster_18
16962614270757586372,cluster_18
17047722483742719133,cluster_18
17122367192171225798,cluster_18
17200291698093118384,cluster_18
17212279466135196434,cluster_18
17212417755758625025,cluster_18
17281937726608907879,cluster_18
1731776542053137906,cluster_18
17462697021639515053,cluster_18
17801096005401634323,cluster_18
17860613120075037916,cluster_18
18009792703423426916,cluster_18
18221535444422104682,cluster_18
18398826554207838710,cluster_18
18420020370278857098,cluster_18
1889410854497165920,cluster_18
2007307559682453073,cluster_18
2031372697351106147,cluster_18
2031839971099595066,cluster_18
2045797967269461543,cluster_18
2078354433595737306,cluster_18
2265057675807179107,cluster_18
2598126596815446008,cluster_18
2616087171702092083,cluster_18
2925368302576164562,cluster_18
3027867279823809980,cluster_18
3115131244831757541,cluster_18
3323291192355758555,cluster_18
3394246914145950485,cluster_18
3465133350222010088,cluster_18
3471817784111545369,cluster_18
360387477899682364,cluster_18
367006227615889139,cluster_18
3794543568391124528,cluster_18
3817613710303195720,cluster_18
3897869488977057808,cluster_18
3924638339823368503,cluster_18
4008944473807450284,cluster_18
4126071778382524320,cluster_18
4167285894747599302,cluster_18
4216851028752886948,cluster_18
4237685746205380153,cluster_18
4245442930409072327,cluster_18
4288955810838243556,cluster_18
4302208918855472810,cluster_18
4376735585474119733,cluster_18
4525410663521352849,cluster_18
4644674740616539583,cluster_18
4718723093591756570,cluster_18
4833419456096407485,cluster_18
4855052580104617732,cluster_18
4906134811145591306,cluster_18
4930578460801027028,cluster_18
4958416638630567355,cluster_18
4958510500078331546,cluster_18
5076827824617008480,cluster_18
5086522166501459092,cluster_18
5115905372582335150,cluster_18
5262560325283750389,cluster_18
5317386002009816611,cluster_18
5422388413748473180,cluster_18
546554501200843608,cluster_18
5634128423762581424,cluster_18
5650512677834171157,cluster_18
5699076172906321703,cluster_18
5717503026522312809,cluster_18
5804450475103323658,cluster_18
5810819831775078014,cluster_18
588494338106673869,cluster_18
5970817075528973816,cluster_18
6001961789001459732,cluster_18
6021112993844169726,cluster_18
6112626601395371770,cluster_18
6135173236296804098,cluster_18
6143492333315282877,cluster_18
6341481928631994447,cluster_18
6448039391866718593,cluster_18
6505731143943123404,cluster_18
6620695913127402213,cluster_18
677465325591948639,cluster_18
6843407012615055951,cluster_18
687097888574164795,cluster_18
6927098452663023852,cluster_18
7168688696804471384,cluster_18
7170954801865985379,cluster_18
719906686005858408,cluster_18
7231487030778299756,cluster_18
7253131049787130051,cluster_18
750164702306993685,cluster_18
7630201461892362004,cluster_18
7920215758539242081,cluster_18
796654663941535986,cluster_18
7985859643411065363,cluster_18
804991942172533432,cluster_18
8170422642826468529,cluster_18
8265835489385247460,cluster_18
8269802364554518783,cluster_18
8271237500911866523,cluster_18
8288442408367124376,cluster_18
8293696047040425199,cluster_18
8464176084820668324,cluster_18
8504173173307060493,cluster_18
8512399830744403644,cluster_18
8626981391432756412,cluster_18
8733602798063566484,cluster_18
8786053605070483377,cluster_18
8855796613301181443,cluster_18
9012906379711983914,cluster_18
9021911849184547575,cluster_18
9080311622185536573,cluster_18
913350279723007072,cluster_18
9184259479484942894,cluster_18
9187696826596625642,cluster_18
9231417090891552606,cluster_18
92850473685996574,cluster_18
9294304926271629141,cluster_18
9298176423949979630,cluster_18
9425992350178821193,cluster_18
9521290638390631886,cluster_18
9591211465498521695,cluster_18
9694392744493244899,cluster_18
9788442190487526583,cluster_18
9834972443896695184,cluster_18
9888752993132991649,cluster_18
9996529665569768055,cluster_18
10052354173489468794,cluster_19
10141684346765390034,cluster_19
1017956974268296986,cluster_19
10475727078906169513,cluster_19
10595525119081236866,cluster_19
10792876355891825580,cluster_19
10849099895963769887,cluster_19
11082732799293862551,cluster_19
11110883974380597567,cluster_19
11111208312624184368,cluster_19
1125466186184492145,cluster_19
1129507680009955549,cluster_19
11353805114495240458,cluster_19
11599426646256363056,cluster_19
11742705014045574459,cluster_19
11809954950255382587,cluster_19
11993226331533794956,cluster_19
12322300221778411806,cluster_19
12560728220718045670,cluster_19
12755571193643798546,cluster_19
12942762636427326193,cluster_19
12987643373710549159,cluster_19
13000485117227249830,cluster_19
1313083356731197732,cluster_19
13163049052274949485,cluster_19
13201914188635956939,cluster_19
13357310752414389940,cluster_19
13526318875099861559,cluster_19
13673270012363628805,cluster_19
13803264345997616284,cluster_19
13805141168495648278,cluster_19
13883310992637286090,cluster_19
1388473780566419421,cluster_19
14125148913065625271,cluster_19
14188096594654630302,cluster_19
14194025750542645885,cluster_19
14293635553820072978,cluster_19
14312805617128494349,cluster_19
14372599001576912449,cluster_19
14506051603799654149,cluster_19
14746934902277713627,cluster_19
14905066672902908909,cluster_19
14945575066112266321,cluster_19
15024823816928780513,cluster_19
15050789177662334843,cluster_19
15054386715540535933,cluster_19
15247366081589207175,cluster_19
15363661417119888122,cluster_19
15643164182507727305,cluster_19
15667772749881296927,cluster_19
15871782002220462006,cluster_19
15892307735527099571,cluster_19
1612610787335761916,cluster_19
16208311989040577595,cluster_19
16267550403570766814,cluster_19
16361409678837239306,cluster_19
16497363589291018479,cluster_19
16668055465750114078,cluster_19
16709594930448937194,cluster_19
1680643456844799731,cluster_19
17066363331500623274,cluster_19
17112642914500835370,cluster_19
17431567436151017304,cluster_19
175777696733265162,cluster_19
17599971786799452899,cluster_19
17634304322317853770,cluster_19
17775422309105642734,cluster_19
17936848749381814653,cluster_19
18019951091362365747,cluster_19
18092952104975587934,cluster_19
18248436183714582090,cluster_19
1830687936889241790,cluster_19
18335723739235566595,cluster_19
1998598879626076185,cluster_19
2030384657188985831,cluster_19
2087130243055272255,cluster_19
2138640836273235629,cluster_19
2487735690591812407,cluster_19
2769780956805169234,cluster_19
3010018501445864454,cluster_19
3370149683523492009,cluster_19
3396127043984586308,cluster_19
3478141851684163345,cluster_19
3481371138197900395,cluster_19
3886678293703687254,cluster_19
4016258716692886576,cluster_19
4113237541748422691,cluster_19
4130488188257510925,cluster_19
4198514857115189463,cluster_19
4204433861432270255,cluster_19
4466841077812663739,cluster_19
4474074537124114232,cluster_19
4508232563996210306,cluster_19
4614280540071092657,cluster_19
4620353556217000114,cluster_19
4680149909212987375,cluster_19
5184770856301135875,cluster_19
5224971538896883532,cluster_19
526067242247637048,cluster_19
528300823321994080,cluster_19
5299876180611600261,cluster_19
5406628408729203179,cluster_19
5448237745132577278,cluster_19
5537075733082245238,cluster_19
5557904799144361742,cluster_19
5565718144312255152,cluster_19
5788273518645264919,cluster_19
6029441311751596562,cluster_19
6440289355233621649,cluster_19
6466033156322077818,cluster_19
6558907174290730244,cluster_19
6646315855972168497,cluster_19
666784094547308947,cluster_19
6760466754352055696,cluster_19
6900169683567711337,cluster_19
7064975454876812311,cluster_19
7144861813317058461,cluster_19
7281330099788241207,cluster_19
7413755519048377260,cluster_19
7558478327376186099,cluster_19
7635477262231797052,cluster_19
7726143292814192679,cluster_19
7769571037157001485,cluster_19
7784648846559701848,cluster_19
7798545677896270655,cluster_19
7909302268987254561,cluster_19
8149848137032773702,cluster_19
825346763454219780,cluster_19
8254030139065847139,cluster_19
8453363093744180762,cluster_19
8537181835018869339,cluster_19
8659065531882048189,cluster_19
8838596089287095910,cluster_19
890739496614352734,cluster_19
8951477458262415517,cluster_19
8997503232571645656,cluster_19
9128793561773045131,cluster_19
9223691514971112569,cluster_19
926054140729034357,cluster_19
9423428488242469971,cluster_19
9501565522706452881,cluster_19
1039970613745089403,cluster_2
10505266231422344623,cluster_2
10953190597426314393,cluster_2
11164932838147839528,cluster_2
11248737596075859130,cluster_2
11378784601630462282,cluster_2
12041720683993072289,cluster_2
12099124969996000964,cluster_2
12502877680357398973,cluster_2
12587270257319630916,cluster_2
12885730130114820532,cluster_2
13414230186547458348,cluster_2
13565907153840090809,cluster_2
13741566418719621391,cluster_2
14039157920499124766,cluster_2
14237037018328439074,cluster_2
14275148803028559914,cluster_2
14325000755394830639,cluster_2
15370467398976568081,cluster_2
15509718879398345839,cluster_2
15641646236531906622,cluster_2
16020348735820119113,cluster_2
1627366137620738905,cluster_2
16926580501549494844,cluster_2
17002679282127013553,cluster_2
17242010621095719455,cluster_2
17245773686155480189,cluster_2
17685312631377268017,cluster_2
17699008329227863649,cluster_2
17747353104630667628,cluster_2
17819264440466067763,cluster_2
17951991310908783931,cluster_2
2067412236808682370,cluster_2
2291354825301642310,cluster_2
2327843946163501027,cluster_2
2343899442700193473,cluster_2
2427794974867915448,cluster_2
2439583203791931326,cluster_2
2500744820651780493,cluster_2
3018141881510869073,cluster_2
440258192472558102,cluster_2
4824259793389259280,cluster_2
6620157225611754664,cluster_2
6716096723270982629,cluster_2
7176407668130367460,cluster_2
7353008532465742054,cluster_2
7361805462397093753,cluster_2
7690174311545339591,cluster_2
7695069556257955150,cluster_2
7823246989907374072,cluster_2
7883459568616042557,cluster_2
8132759621826780913,cluster_2
10295233321234276279,cluster_3
10321617037000281835,cluster_3
10906041081221340913,cluster_3
10936519631496428897,cluster_3
1112314673478359952,cluster_3
11323629763313006565,cluster_3
11357952081426144531,cluster_3
11440578415082185055,cluster_3
11508354802340356506,cluster_3
11900774790872058056,cluster_3
122242516339706271,cluster_3
1242042051469008189,cluster_3
1334838097417004296,cluster_3
13374046781871015102,cluster_3
13852758152930042136,cluster_3
14052559293328317208,cluster_3
14068958142720419651,cluster_3
14107309009213308714,cluster_3
14573514632983684472,cluster_3
15148206418611626042,cluster_3
15490365478803579889,cluster_3
15585551411098703061,cluster_3
15597532409425089518,cluster_3
15678636929960320920,cluster_3
15896853397104248049,cluster_3
16034955905525115588,cluster_3
16193247369142027114,cluster_3
16269141836775458549,cluster_3
16551750439037160439,cluster_3
17498547069606860305,cluster_3
2629693746945374402,cluster_3
2679391325890811688,cluster_3
282930331450391645,cluster_3
2831871842964514151,cluster_3
290962742673055464,cluster_3
3444918934044177940,cluster_3
4112691716919482704,cluster_3
4371937631052350241,cluster_3
464501348929774638,cluster_3
4668006088449586240,cluster_3
4814098548291703178,cluster_3
5155935045240243174,cluster_3
609221492314629032,cluster_3
6655831389321081269,cluster_3
7017605756412474724,cluster_3
7052882684292661822,cluster_3
7060767109073239408,cluster_3
7208335951016517235,cluster_3
886866568339155831,cluster_3
8898296354341732813,cluster_3
9204787878529628107,cluster_3
9322944291888777528,cluster_3
9351398938098645203,cluster_3
9483720236569009187,cluster_3
9598336090702663540,cluster_3
9642005408759627169,cluster_3
9749394677207472296,cluster_3
9796105146028118860,cluster_3
10115598100682440344,cluster_4
10817527747831217222,cluster_4
11791942462951058547,cluster_4
11999618417699427738,cluster_4
1543792562557686356,cluster_4
15655647274084769910,cluster_4
1580088864944383124,cluster_4
16552886016124456905,cluster_4
17105159711826496736,cluster_4
1814992541893123784,cluster_4
2739512928225987008,cluster_4
2969285140175107808,cluster_4
4129894399719845907,cluster_4
520635609229634137,cluster_4
5220501491554755316,cluster_4
6741786321106563020,cluster_4
8517755502285399429,cluster_4
10010155418188857529,cluster_5
10026971377870927329,cluster_5
10065211984043412943,cluster_5
10066366135586774051,cluster_5
10080264424159506028,cluster_5
10270820847443901987,cluster_5
1037567489359475910,cluster_5
10410941162518443751,cluster_5
10517004651796028679,cluster_5
10579839954212677594,cluster_5
10589603962078058461,cluster_5
10675400540400767557,cluster_5
10698144144948581420,cluster_5
10817861733278454240,cluster_5
11047962905646758571,cluster_5
11120034441708283734,cluster_5
11128262049977973757,cluster_5
11140105133199471375,cluster_5
1115193897585457111,cluster_5
1129509349387216869,cluster_5
11435181023585655355,cluster_5
11458704639251234990,cluster_5
11478130270722319897,cluster_5
11492318584897802392,cluster_5
11497937557094843329,cluster_5
11598555010896960401,cluster_5
11618597128556542952,cluster_5
11635629443426982286,cluster_5
11678115472522884565,cluster_5
11696099487684810573,cluster_5
11698561108703796820,cluster_5
11784205617729206768,cluster_5
11879882618615493477,cluster_5
11964236975574180212,cluster_5
11967168189027098923,cluster_5
12028043863387315929,cluster_5
120653533754155500,cluster_5
12074279300854536757,cluster_5
120955349812750806,cluster_5
1211998246551661794,cluster_5
12176126008222695277,cluster_5
12176808131436613697,cluster_5
12190683869656423624,cluster_5
12282991218481043852,cluster_5
12284410081245398558,cluster_5
12286703123617879847,cluster_5
12331037746290168462,cluster_5
12397948301043157937,cluster_5
12431293811311601308,cluster_5
12449893279708698297,cluster_5
12494606092717739947,cluster_5
12497820566211793159,cluster_5
12510658871511723811,cluster_5
12570398846422915053,cluster_5
12573005374095742487,cluster_5
1258821349949363750,cluster_5
12609575921095989822,cluster_5
12671412541487611479,cluster_5
12705854121638553714,cluster_5
12783135853253487568,cluster_5
12786905506951836022,cluster_5
12791142673725577803,cluster_5
12872993370145219066,cluster_5
12900718988338133152,cluster_5
12936231368415810309,cluster_5
13190210944673948199,cluster_5
13193364299755077083,cluster_5
13213915085401404490,cluster_5
13224539246728156858,cluster_5
13280934050089943930,cluster_5
13375139145803720065,cluster_5
13382628413032912847,cluster_5
13429330773663262573,cluster_5
1350979740332917611,cluster_5
13518371959651300326,cluster_5
13553339303743950441,cluster_5
1362125418590240028,cluster_5
1363720886315936240,cluster_5
13654079224450191963,cluster_5
13732572134498321296,cluster_5
13810772507884162149,cluster_5
13987861415994454172,cluster_5
14019931904176715896,cluster_5
14039562103418055973,cluster_5
14045499315997237524,cluster_5
14112580395989590200,cluster_5
14119410514111938214,cluster_5
14129632345426102790,cluster_5
14156912929534946198,cluster_5
14172495033989041646,cluster_5
14297372856313550996,cluster_5
14305632646141746921,cluster_5
14319150177066816098,cluster_5
14348976510101933692,cluster_5
14414213553870778721,cluster_5
14479062640334769331,cluster_5
14523752413045295659,cluster_5
1453312082410740406,cluster_5
14545817611419768076,cluster_5
1455541923454421209,cluster_5
14784302109912718271,cluster_5
1480557817231766273,cluster_5
14859812599858897805,cluster_5
14897036403382014465,cluster_5
1490497412170057466,cluster_5
14914111100978057682,cluster_5
15010306241571464021,cluster_5
15014262255253157245,cluster_5
15114000782531962557,cluster_5
15152286211090665877,cluster_5
15197306929181164992,cluster_5
15198316631321146063,cluster_5
15333601458995638608,cluster_5
15416198513729662854,cluster_5
15478608536428360308,cluster_5
15482324541248406735,cluster_5
15599980680115230176,cluster_5
15636422414945362153,cluster_5
15703954156775441797,cluster_5
15747876850569013740,cluster_5
15750206191381598136,cluster_5
15969274170415404934,cluster_5
16024473970838144928,cluster_5
16036967043905067884,cluster_5
16056390530546068114,cluster_5
16061828387037386927,cluster_5
16063278892230098541,cluster_5
16078758721003112308,cluster_5
16123257797605210485,cluster_5
16353760341159640100,cluster_5
1640061290881455486,cluster_5
16452156256914822848,cluster_5
16463733558712462657,cluster_5
16480705929931036806,cluster_5
16522566868030616972,cluster_5
16528287846176984735,cluster_5
16600387440305058271,cluster_5
16628440138791397537,cluster_5
16724984885982884949,cluster_5
16735980755506911281,cluster_5
16761349276315689727,cluster_5
1677325701678041685,cluster_5
16774144445586096897,cluster_5
16881873690409210766,cluster_5
16884815001029526755,cluster_5
16906560398154460263,cluster_5
16975359915160980526,cluster_5
17003786933452212910,cluster_5
17124648226500433893,cluster_5
17136117347918320917,cluster_5
17171386208591459805,cluster_5
1726813857311173332,cluster_5
17286353071782444852,cluster_5
17287187308552422454,cluster_5
17382506760362159829,cluster_5
17400633004103019680,cluster_5
17478554714968147208,cluster_5
17518670591540312147,cluster_5
17571961338055904308,cluster_5
1761535391915254486,cluster_5
17704566504903929321,cluster_5
1772811553950957356,cluster_5
17729077371854074899,cluster_5
17858218421429134817,cluster_5
17882858022673003876,cluster_5
1792773749031263120,cluster_5
17937027975245895916,cluster_5
17996622379065122181,cluster_5
1802113137691341726,cluster_5
18124215728773306964,cluster_5
181684796358752815,cluster_5
1821858193906397522,cluster_5
18341500780413031716,cluster_5
18348265216767086780,cluster_5
18352224210360304697,cluster_5
1836452802719054572,cluster_5
1848791089217873290,cluster_5
1861311219309208973,cluster_5
1924149986507557579,cluster_5
1975598190734340897,cluster_5
2104903737589440228,cluster_5
2242729575225077831,cluster_5
2245844356519084722,cluster_5
2257517101111337678,cluster_5
2405164778349066658,cluster_5
2428867279109776795,cluster_5
2506383480557688499,cluster_5
2541909278986195583,cluster_5
2561785056942010417,cluster_5
2643498749595270240,cluster_5
2701729828864608442,cluster_5
2709828665911301637,cluster_5
2750738647023645156,cluster_5
2751263201169802903,cluster_5
2777512657390266244,cluster_5
2864198715001199191,cluster_5
2868183102857900354,cluster_5
2887721306193468296,cluster_5
2916175739300112398,cluster_5
2916220962705242801,cluster_5
293822090170360913,cluster_5
300007672501281935,cluster_5
3058740308882777616,cluster_5
3072494122866749604,cluster_5
308450319474324226,cluster_5
3124748784093506084,cluster_5
3145067268669635664,cluster_5
3237279123915326947,cluster_5
3275523669352804169,cluster_5
3326761831000136736,cluster_5
3379583325073697406,cluster_5
3464894044454106687,cluster_5
3501294702310794730,cluster_5
3516163089705894054,cluster_5
3595762858590096215,cluster_5
3655386601943737573,cluster_5
3667390544045063696,cluster_5
3765088132202415867,cluster_5
3795213040335330176,cluster_5
3797559305864514393,cluster_5
3880667614536977648,cluster_5
3883497682974355288,cluster_5
3954129011611081926,cluster_5
3970059914302305899,cluster_5
3993651850292752630,cluster_5
4041690966775329746,cluster_5
4105411932966587091,cluster_5
4187609523709397370,cluster_5
419114738575226671,cluster_5
4211612776764155647,cluster_5
4220044605625457744,cluster_5
4238828504351731712,cluster_5
4246698600301258416,cluster_5
4262875718261455071,cluster_5
426659697935032632,cluster_5
4368197064012183701,cluster_5
4391120351416560074,cluster_5
4415438701740707222,cluster_5
4574566341149277826,cluster_5
4600884525277123928,cluster_5
4657127362392138269,cluster_5
4666184349776131081,cluster_5
468667703442535396,cluster_5
4698216094474718613,cluster_5
4712582023055976366,cluster_5
4744100925862716884,cluster_5
4873986800374767916,cluster_5
4882327159563753479,cluster_5
4979313955966070608,cluster_5
4993269061983878074,cluster_5
5005962051673640626,cluster_5
5011180816949655427,cluster_5
5037068640724060094,cluster_5
5065892761413322952,cluster_5
5137905995409735838,cluster_5
5153598803887790177,cluster_5
5179530354049986667,cluster_5
5217532210914964967,cluster_5
5401915050264636928,cluster_5
5462223944711966570,cluster_5
5531373022943476926,cluster_5
5566858546623988109,cluster_5
5579048467332401683,cluster_5
562136930012172389,cluster_5
5742484193744236078,cluster_5
5754728691029932790,cluster_5
5876032785364749916,cluster_5
5943183652356766451,cluster_5
6039753233577812806,cluster_5
6088173587212979288,cluster_5
6118761987001245380,cluster_5
6158671487415445814,cluster_5
6356456612271404217,cluster_5
6380932857582636203,cluster_5
63973714289843731,cluster_5
6464137069511312769,cluster_5
6597244664287376833,cluster_5
6606780436484746965,cluster_5
6651026533578674040,cluster_5
6791780080029564350,cluster_5
6837793402585860308,cluster_5
7021674837036946902,cluster_5
705344221548922125,cluster_5
711017114225574761,cluster_5
7187441411189439295,cluster_5
7250803019100265522,cluster_5
7272594837237151738,cluster_5
7277681181450027550,cluster_5
7300248492517750044,cluster_5
7332007794464669589,cluster_5
7368467952412373386,cluster_5
7392762694154419318,cluster_5
7442400343830426978,cluster_5
7463084017154792875,cluster_5
7471493474526371100,cluster_5
7481497075639660287,cluster_5
7535909112528197741,cluster_5
7536458804653138153,cluster_5
755734341324982663,cluster_5
7655386616098994196,cluster_5
7670310439076291682,cluster_5
772358209041349870,cluster_5
777088885560424400,cluster_5
7845823918197331876,cluster_5
7881397028904204675,cluster_5
7929223439606313722,cluster_5
7970381423872252526,cluster_5
7982454112147078053,cluster_5
8042902873471929030,cluster_5
8109623087599408723,cluster_5
8113645066278003567,cluster_5
8178320837272709527,cluster_5
8201232099447908723,cluster_5
8300520926912789397,cluster_5
8371493834475022932,cluster_5
8373290511941513410,cluster_5
842114723261737387,cluster_5
8491112222496259260,cluster_5
8631232568667473751,cluster_5
8657821179797182909,cluster_5
8673222679839910029,cluster_5
8679624218024408406,cluster_5
8763762617272459988,cluster_5
8775573793841925724,cluster_5
8786105325016016427,cluster_5
8931639379714520112,cluster_5
8987388975257652378,cluster_5
9078219100141477018,cluster_5
9097080240828249151,cluster_5
9181705565636133571,cluster_5
9231692064568552022,cluster_5
9249570268883228880,cluster_5
9287398553072483293,cluster_5
9305230623286807680,cluster_5
93133942224423665,cluster_5
93256067643012494,cluster_5
9326654427034819367,cluster_5
9393386002875706029,cluster_5
9406016220595350435,cluster_5
9417961865601725741,cluster_5
9452501183141796503,cluster_5
9481866841925199238,cluster_5
9600220504262706259,cluster_5
9655484227814894919,cluster_5
9657662493058959858,cluster_5
9661197211210697050,cluster_5
9735755250005706735,cluster_5
9939086107142314410,cluster_5
10009215954052239330,cluster_6
10454090842649163417,cluster_6
10893956183265120408,cluster_6
11374398665886566317,cluster_6
13880354744027833899,cluster_6
14801996333741698165,cluster_6
14970296634310296843,cluster_6
16952977379811629387,cluster_6
3038756554778581795,cluster_6
3686065246308127700,cluster_6
3849960133128579498,cluster_6
3904582815461432169,cluster_6
7121069202406313100,cluster_6
8836495661734523416,cluster_6
10020850374805737631,cluster_7
10471080189865088907,cluster_7
10499759174967122584,cluster_7
1082985163778216102,cluster_7
10866011250802604209,cluster_7
11034645054276593416,cluster_7
11050755043080921013,cluster_7
11217430828713324080,cluster_7
11315991191085592372,cluster_7
11446554021091186034,cluster_7
11617682588283654031,cluster_7
11813396100290576858,cluster_7
1184409064161825245,cluster_7
11974556573006386660,cluster_7
12599858727683069643,cluster_7
13061097446614148159,cluster_7
13275499636073514437,cluster_7
13376602837898370069,cluster_7
13573997283225658582,cluster_7
13986479876161105199,cluster_7
14338599085536812096,cluster_7
14393638660136207666,cluster_7
14482128536632031203,cluster_7
14774143788962000789,cluster_7
14811333653133280821,cluster_7
14975797967628934123,cluster_7
15455039724947025996,cluster_7
15732834945423167468,cluster_7
15739401010473791528,cluster_7
16099776478756056735,cluster_7
16206930174893044666,cluster_7
16224303987435773920,cluster_7
16303939733082069115,cluster_7
16420055489636067503,cluster_7
16946108665004921272,cluster_7
16969337180179635988,cluster_7
170221114225147889,cluster_7
17028383996147220902,cluster_7
17039046428636408228,cluster_7
17097528251260136586,cluster_7
17446325025894774356,cluster_7
17474946109171395267,cluster_7
18049290092450652117,cluster_7
18325966871593037091,cluster_7
188139606161822165,cluster_7
219208226947410435,cluster_7
3352029679372852979,cluster_7
3524547641172341019,cluster_7
3839213710458056847,cluster_7
3967221568303766160,cluster_7
397624224091174231,cluster_7
4056888175875938167,cluster_7
4325237526615898353,cluster_7
4567922168099504125,cluster_7
4742255184648703115,cluster_7
4765884561666929805,cluster_7
4769661190735956381,cluster_7
4984661627120536473,cluster_7
6466690377970926315,cluster_7
6740891766742620298,cluster_7
7435213959342604872,cluster_7
7943082702441846306,cluster_7
796818516880739213,cluster_7
8447288297366167655,cluster_7
861042075772351148,cluster_7
862923652453804019,cluster_7
8695824535090974124,cluster_7
8932323864832229837,cluster_7
9052238922478826942,cluster_7
9165944879737108509,cluster_7
9174245236015708463,cluster_7
9247508413757729234,cluster_7
934395416677709727,cluster_7
9547687029188263515,cluster_7
9874620756202172207,cluster_7
9886448094858765980,cluster_7
10127393799803885299,cluster_8
10687233539926835460,cluster_8
11094136386290599833,cluster_8
11640139131475219404,cluster_8
11913181121041795220,cluster_8
12024767974407931599,cluster_8
12244413764412720810,cluster_8
12768445745318463681,cluster_8
13189834239326455491,cluster_8
13224986176433380838,cluster_8
13226229522308574405,cluster_8
1373042629855204652,cluster_8
14329952582163269412,cluster_8
14492612256781562708,cluster_8
14521324226594075345,cluster_8
14902273143647350692,cluster_8
1503594843271355233,cluster_8
15380059299212833141,cluster_8
15449735255412656773,cluster_8
1550184552258663425,cluster_8
15713746639945405068,cluster_8
15998631831540035294,cluster_8
16420577266546282356,cluster_8
16485202546807470518,cluster_8
16485674251009161095,cluster_8
16613855128526709616,cluster_8
16721207596536859192,cluster_8
17044289989856799009,cluster_8
1704850098295656934,cluster_8
17271974251922458516,cluster_8
1767199955362179921,cluster_8
2341910347721471791,cluster_8
2477192265582104424,cluster_8
2822173471331530574,cluster_8
3507263983413665223,cluster_8
3551775718107122843,cluster_8
3701435673094097256,cluster_8
3895006403275983014,cluster_8
4486067467317150000,cluster_8
4581659020499065095,cluster_8
498150110095778126,cluster_8
5974067749682540106,cluster_8
6381888236969970353,cluster_8
669688623827507294,cluster_8
6892328191233797785,cluster_8
6911448166028605590,cluster_8
702068364837053609,cluster_8
730005773272183781,cluster_8
7693173488890492635,cluster_8
8263088523586177689,cluster_8
8347833432393331436,cluster_8
8385000480720064392,cluster_8
9214196830161387520,cluster_8
10245396218064258564,cluster_9
10906536107465117625,cluster_9
11313420932034083545,cluster_9
1182976307059288905,cluster_9
11888590959809564467,cluster_9
12561994743344013399,cluster_9
13180646545927041029,cluster_9
13315494887887985026,cluster_9
13562636056362747912,cluster_9
13630314112869504935,cluster_9
14108995904067070380,cluster_9
15853999350560378501,cluster_9
15907972625461231955,cluster_9
1724051981152551093,cluster_9
1724235562434762177,cluster_9
17265234584894214598,cluster_9
17504874758080650960,cluster_9
17910742327691025476,cluster_9
18189854104585367367,cluster_9
18311533343601338251,cluster_9
1916028424070594560,cluster_9
196534143991321267,cluster_9
2036507249198833630,cluster_9
3799749610613258518,cluster_9
4158772712176370146,cluster_9
4966974629525059077,cluster_9
5871897016276227742,cluster_9
5978815557277971514,cluster_9
6128375569897922057,cluster_9
6507047212201143684,cluster_9
667297056129017850,cluster_9
6680144225550318983,cluster_9
825211852688203416,cluster_9
8315121739134598806,cluster_9
9426673837361379694,cluster_9
9437278768815960075,cluster_9
9819901377985444389,cluster_9
14366679004947480702,water_boat_with_wake
14666708626552833042,water_boat_with_wake
760633564673152636,water_boat_with_wake
12953892865015065757,water_boats_with_small_wakes
13080120868267222938,water_boats_with_small_wakes
18328189781108905339,water_boats_with_small_wakes
2329183049467958152,water_boats_with_small_wakes
15942849931145792831,water_murucho
6248811138235272818,water_murucho
8185962081828841625,water_murucho
9214807330406718483,water_murucho
13232656890039698872,water_red_and_white_boat
1950825183392606990,water_red_and_white_boat
4449017559207193199,water_red_and_white_boat
7309729681057214258,water_red_and_white_boat
10236523786069872317,water_top_down_water_view
10565870083030058508,water_top_down_water_view
10721375646544828116,water_top_down_water_view
1073935902098644701,water_top_down_water_view
10968352715152183159,water_top_down_water_view
11235884693254730948,water_top_down_water_view
11368242592644871649,water_top_down_water_view
1169182665205475583,water_top_down_water_view
12208986852375592013,water_top_down_water_view
12445189520536098388,water_top_down_water_view
13025649015168114975,water_top_down_water_view
13167293638321391434,water_top_down_water_view
13252649066085164341,water_top_down_water_view
13558923591769591553,water_top_down_water_view
13699772450037105951,water_top_down_water_view
13851339848667311381,water_top_down_water_view
13865747141550024478,water_top_down_water_view
13865895407466899597,water_top_down_water_view
14157212389613599846,water_top_down_water_view
1473246003002457651,water_top_down_water_view
15056132564702947899,water_top_down_water_view
15524882861141973094,water_top_down_water_view
15538462164221065759,water_top_down_water_view
16055236528932789113,water_top_down_water_view
16329328126510120472,water_top_down_water_view
16592101051461346004,water_top_down_water_view
16683346370955349828,water_top_down_water_view
17219972001266495181,water_top_down_water_view
17269052790355013161,water_top_down_water_view
18444951454197947612,water_top_down_water_view
2025249689802100856,water_top_down_water_view
2310965222745007810,water_top_down_water_view
2399861695124642831,water_top_down_water_view
2524777635307478526,water_top_down_water_view
2549005893547474981,water_top_down_water_view
2930657593158534477,water_top_down_water_view
436514297076310147,water_top_down_water_view
4375185657086891896,water_top_down_water_view
4866206247198302798,water_top_down_water_view
5099171991200468903,water_top_down_water_view
5110840822938817811,water_top_down_water_view
5345936448062854426,water_top_down_water_view
5484599098285248518,water_top_down_water_view
5503634314396153966,water_top_down_water_view
5564678133537414057,water_top_down_water_view
5709823008922145398,water_top_down_water_view
5785611543837199028,water_top_down_water_view
5953624146645793177,water_top_down_water_view
6174065586261119919,water_top_down_water_view
6186683772021701631,water_top_down_water_view
6333300496472671208,water_top_down_water_view
6565464228970292871,water_top_down_water_view
6685201620487759955,water_top_down_water_view
6701345990960273210,water_top_down_water_view
6755599250740472973,water_top_down_water_view
6960637327871407614,water_top_down_water_view
697056546567441173,water_top_down_water_view
710370574304223009,water_top_down_water_view
7170987545195366674,water_top_down_water_view
7543333850951118310,water_top_down_water_view
7567965510781335288,water_top_down_water_view
7596636898329600200,water_top_down_water_view
8039037441876028837,water_top_down_water_view
8102723125428921638,water_top_down_water_view
8331455434547962301,water_top_down_water_view
8415406991725125215,water_top_down_water_view
8476024608065052521,water_top_down_water_view
8502677265768361775,water_top_down_water_view
9247205663894506352,water_top_down_water_view
9762917548420482360,water_top_down_water_view
9846965279567593976,water_top_down_water_view
16256486105789109923,water_two_word_boat
5848104149913372498,water_two_word_boat
8143767864862167301,water_two_word_boat
8526292245120401746,water_two_word_boat
1845415031991308152,water_white_sailboat
16550872431012785939,water_white_small_motorboat_top_down
2778140720243098741,water_white_small_motorboat_top_down
4483719290797218464,water_white_small_motorboat_top_down
4578145752006919799,water_white_small_motorboat_top_down
5476051848855183281,water_white_small_motorboat_top_down
6903524588918452033,water_white_small_motorboat_top_down
8605742430891667480,water_white_small_motorboat_top_down
