id,weight
7012232369429343316,2.4009163802978235
17977423037112333066,2.4009163802978235
773037666286638884,2.4009163802978235
4581659020499065095,10.028708133971291
9788442190487526583,1.7945205479452053
18273922468678266995,1.7945205479452053
2573261364583983976,2.4009163802978235
7080768953067538394,2.4009163802978235
13701706385213083370,1.1775280898876404
14305632646141746921,2.4009163802978235
1083835812533094073,1.7945205479452053
10034419136200140977,6.570532915360501
4158578655165217156,1.7945205479452053
7168688696804471384,3.4417077175697863
7039025129510709403,2.4009163802978235
265730827757678812,3.4417077175697863
16044528354313328080,3.4417077175697863
6088173587212979288,2.4009163802978235
6620157225611754664,3.4417077175697863
12793167398015043845,3.4417077175697863
4288955810838243556,3.4417077175697863
6964705143034836330,10.028708133971291
11399718613455284782,1.5155459146782357
9655484227814894919,3.4417077175697863
11791942462951058547,1.7945205479452053
10009215954052239330,10.028708133971291
9796105146028118860,1.7945205479452053
10638559954484901158,2.4009163802978235
8296256720616594904,2.4009163802978235
11120034441708283734,3.4417077175697863
15333601458995638608,3.4417077175697863
2629693746945374402,3.4417077175697863
3414799180722390810,6.570532915360501
62315487069870637,6.570532915360501
1488451198991190491,35.525423728813564
5437616916976059215,2.4009163802978235
16949501897722708449,3.4417077175697863
15585551411098703061,3.4417077175697863
13803264345997616284,3.4417077175697863
11631019614561851921,6.570532915360501
4241537944039545019,1.7945205479452053
1630098300327507960,1.7945205479452053
2930657593158534477,52.4
10420373631994282979,2.4009163802978235
5537075733082245238,3.4417077175697863
14170893943509105009,6.570532915360501
17335762583691295495,6.570532915360501
7096532267840002088,2.4009163802978235
14308881120937701577,1.1775280898876404
14039157920499124766,3.4417077175697863
1751049694890239096,2.4009163802978235
15632628843954495672,2.4009163802978235
3320825693038097939,6.570532915360501
7543333850951118310,52.4
3472651404254455652,6.570532915360501
13553339303743950441,3.4417077175697863
10403069136214306448,6.570532915360501
7170987545195366674,10.028708133971291
7507259976404919318,1.7945205479452053
3281367624645276508,1.5155459146782357
149727257087739003,2.4009163802978235
7909302268987254561,1.7945205479452053
12768445745318463681,10.028708133971291
667297056129017850,2.4009163802978235
9196728957872485899,6.570532915360501
12270081080918730089,1.5155459146782357
17105159711826496736,1.7945205479452053
3300719383746299837,1.7945205479452053
5810819831775078014,3.4417077175697863
10137013040634915218,2.4009163802978235
3811324098199827444,10.028708133971291
8143767864862167301,52.4
851490798994421960,6.570532915360501
2443977389030294725,1.5155459146782357
5312239213277205442,3.4417077175697863
93133942224423665,2.4009163802978235
6395615772569039770,6.570532915360501
1370891130838877883,1.5155459146782357
12897457947012239070,3.4417077175697863
5050095081409705624,6.570532915360501
5634128423762581424,1.5155459146782357
5261385567604642759,3.4417077175697863
7982454112147078053,2.4009163802978235
5586131146599473821,1.5155459146782357
2989656811285712418,1.7945205479452053
6492844895985535960,2.4009163802978235
11308287576737463137,2.4009163802978235
9874620756202172207,1.7945205479452053
17290890399878580977,2.4009163802978235
13541166908856739722,10.028708133971291
4765884561666929805,1.7945205479452053
2831871842964514151,3.4417077175697863
10906041081221340913,3.4417077175697863
1640061290881455486,2.4009163802978235
8838596089287095910,1.5155459146782357
4824853144333213008,2.4009163802978235
2192087222175443480,2.4009163802978235
6466033156322077818,1.1775280898876404
9835255544296372487,3.4417077175697863
3471817784111545369,10.028708133971291
8533789584003329885,2.4009163802978235
4807777792439494368,2.4009163802978235
1677325701678041685,3.4417077175697863
12087558539825308363,35.525423728813564
17347631358345407980,3.4417077175697863
16534761997734504523,1.5155459146782357
15043768931442006468,3.4417077175697863
17425248002674890190,2.4009163802978235
4238828504351731712,2.4009163802978235
3993651850292752630,2.4009163802978235
17859724542129200798,1.5155459146782357
8786105325016016427,3.4417077175697863
1231359265381733123,1.1775280898876404
5462223944711966570,2.4009163802978235
16913038312888980605,1.1775280898876404
2891548365505915190,3.4417077175697863
18328189781108905339,52.4
4913698148193857427,6.570532915360501
3549449991443500958,6.570532915360501
15641646236531906622,3.4417077175697863
9598336090702663540,3.4417077175697863
3627938117124286814,1.7945205479452053
15742639515389762123,10.028708133971291
2549750931364169923,1.7945205479452053
7536497400775270496,1.7945205479452053
11156688332191204127,3.4417077175697863
3411283134482760468,2.4009163802978235
15816442144271757524,3.4417077175697863
9077197157425734581,1.1775280898876404
565932379929721503,6.570532915360501
16953346671795295053,6.570532915360501
8102723125428921638,10.028708133971291
2506383480557688499,3.4417077175697863
6806889015642947975,35.525423728813564
5503634314396153966,10.028708133971291
10907243932155534013,1.1775280898876404
7080771352221183170,2.4009163802978235
16600387440305058271,3.4417077175697863
2969285140175107808,1.7945205479452053
9060386186086836431,10.028708133971291
16592101051461346004,52.4
9655832636777799673,2.4009163802978235
16863038173142479182,2.4009163802978235
5092289703175042353,3.4417077175697863
1129509349387216869,3.4417077175697863
13573997283225658582,1.7945205479452053
4682005576274628901,3.4417077175697863
18352224210360304697,2.4009163802978235
15617895238726034340,6.570532915360501
934395416677709727,1.1775280898876404
2352571018022910723,1.5155459146782357
11300603017893569823,2.4009163802978235
16884815001029526755,2.4009163802978235
5011180816949655427,3.4417077175697863
4016258716692886576,1.5155459146782357
15392791817412355717,1.5155459146782357
7094451913427080840,2.4009163802978235
6447950062436918375,2.4009163802978235
392355668889479137,2.4009163802978235
2701004315370922774,10.028708133971291
9749394677207472296,3.4417077175697863
14284854560807870766,6.570532915360501
6960637327871407614,10.028708133971291
2407574210469530010,3.4417077175697863
12777848717206572560,35.525423728813564
18335723739235566595,1.7945205479452053
12442746614238530984,1.7945205479452053
1202109163688406819,2.4009163802978235
4493802271563317357,6.570532915360501
12571732621871016433,3.4417077175697863
16833808721366872873,2.4009163802978235
10084799956394655609,1.5155459146782357
6597244664287376833,2.4009163802978235
15380059299212833141,10.028708133971291
16834609948051030466,1.7945205479452053
15152286211090665877,2.4009163802978235
3123521601126667264,2.4009163802978235
6411901496635495569,10.028708133971291
10675400540400767557,2.4009163802978235
14905066672902908909,3.4417077175697863
15587088835320496818,3.4417077175697863
4413751037938169122,35.525423728813564
1814992541893123784,1.7945205479452053
12927745404901831085,3.4417077175697863
1479355700075648315,1.5155459146782357
12987643373710549159,3.4417077175697863
6268082531452872448,3.4417077175697863
27571806797653109,6.570532915360501
1106589424885202630,2.4009163802978235
17200291698093118384,10.028708133971291
4862749460869001676,2.4009163802978235
17979548178277019998,1.7945205479452053
2630738354527335518,2.4009163802978235
5696380139291274805,2.4009163802978235
15638321715704426221,1.5155459146782357
5594166519015584175,2.4009163802978235
4042178020255410043,1.7945205479452053
1726813857311173332,3.4417077175697863
14479062640334769331,3.4417077175697863
15896853397104248049,1.7945205479452053
11205644469166030718,3.4417077175697863
17579511326238686693,6.570532915360501
3018141881510869073,3.4417077175697863
11078570555419266825,2.4009163802978235
6082099286708421721,6.570532915360501
8464176084820668324,2.4009163802978235
18040892363675719739,1.7945205479452053
13387553767579244607,6.570532915360501
18428243541439848896,1.5155459146782357
13315494887887985026,2.4009163802978235
5667285801276182984,1.5155459146782357
4181412060625506237,2.4009163802978235
12322300221778411806,1.5155459146782357
14039562103418055973,2.4009163802978235
566567535803591966,1.5155459146782357
6578190882780024413,2.4009163802978235
8415406991725125215,10.028708133971291
11286017933637284818,1.7945205479452053
4817005062883058279,6.570532915360501
16267550403570766814,1.5155459146782357
1369641908883619757,10.028708133971291
13592767346173755385,3.4417077175697863
12953892865015065757,52.4
15725300737366598831,2.4009163802978235
15122967120777118148,2.4009163802978235
3073622952512552075,6.570532915360501
16631798992338511074,2.4009163802978235
13280934050089943930,3.4417077175697863
15948241923873741882,2.4009163802978235
16190334296727482968,2.4009163802978235
987970173090111449,1.7945205479452053
8206317732123940164,35.525423728813564
7170954801865985379,1.7945205479452053
17801096005401634323,1.5155459146782357
14338599085536812096,6.570532915360501
9846965279567593976,10.028708133971291
426659697935032632,3.4417077175697863
9174245236015708463,1.7945205479452053
154284345046005641,1.5155459146782357
4870346096200992252,2.4009163802978235
15310403442198593402,10.028708133971291
12414984086680094357,2.4009163802978235
897436296147056521,2.4009163802978235
16603394832837978165,2.4009163802978235
11813396100290576858,1.7945205479452053
9351398938098645203,1.7945205479452053
5665007424007486381,35.525423728813564
4614280540071092657,1.7945205479452053
13325638455681602057,10.028708133971291
17265234584894214598,2.4009163802978235
13206584587792740327,2.4009163802978235
750164702306993685,10.028708133971291
14107309009213308714,3.4417077175697863
16518695842738385797,2.4009163802978235
6541938255921393503,2.4009163802978235
6248811138235272818,52.4
14666708626552833042,52.4
16776739012545938506,10.028708133971291
13907830515177468255,1.7945205479452053
11050755043080921013,1.7945205479452053
16918567785944776929,1.7945205479452053
8170422642826468529,1.7945205479452053
3180550044535127633,1.7945205479452053
11111317131595127300,2.4009163802978235
2765325813556606960,35.525423728813564
7695069556257955150,3.4417077175697863
4448138370651009846,6.570532915360501
13583742609441451799,2.4009163802978235
4620353556217000114,3.4417077175697863
14897036403382014465,2.4009163802978235
17212279466135196434,3.4417077175697863
2769399647723426769,2.4009163802978235
677465325591948639,2.4009163802978235
12102045416226365492,1.7945205479452053
11164932838147839528,3.4417077175697863
280650402782707429,1.5155459146782357
15853999350560378501,2.4009163802978235
4466841077812663739,1.5155459146782357
15183688702399589868,35.525423728813564
13188644659143318844,1.1428571428571428
8324934697104179438,2.4009163802978235
7060767109073239408,1.5155459146782357
520635609229634137,3.4417077175697863
5802870010723771419,3.4417077175697863
772358209041349870,3.4417077175697863
1033272544384259020,6.570532915360501
4105411932966587091,3.4417077175697863
10034638075990270906,1.7945205479452053
2247296692369490103,2.4009163802978235
7120019856664490846,6.570532915360501
4204771479111320238,2.4009163802978235
12324366531979947172,6.570532915360501
16975447079391308473,1.5155459146782357
12620061530851198721,2.4009163802978235
6347163558574150111,2.4009163802978235
9611153333552607928,6.570532915360501
11328103927241494233,35.525423728813564
14521324226594075345,10.028708133971291
1125466186184492145,1.1775280898876404
5818023059573036988,1.5155459146782357
15363661417119888122,1.5155459146782357
18237891795503686853,6.570532915360501
3271587475890470544,2.4009163802978235
5250401742414570146,3.4417077175697863
9345738656116700696,10.028708133971291
4764288853396933913,2.4009163802978235
1514203568050808412,2.4009163802978235
436514297076310147,10.028708133971291
7784648846559701848,3.4417077175697863
14009972445053341356,10.028708133971291
6039753233577812806,2.4009163802978235
2265038529008843835,3.4417077175697863
12291269074021541054,35.525423728813564
1879916069548088294,1.7945205479452053
15490365478803579889,3.4417077175697863
5439907590077053517,2.4009163802978235
3904582815461432169,10.028708133971291
5747990736762747,2.4009163802978235
10693935720611251430,3.4417077175697863
10599756471636280704,6.570532915360501
8269802364554518783,10.028708133971291
308450319474324226,3.4417077175697863
12990796784439855978,2.4009163802978235
17286353071782444852,2.4009163802978235
14243278788929986312,3.4417077175697863
8115546014757469969,1.5155459146782357
8386556888618129915,2.4009163802978235
16186230723442775449,1.5155459146782357
8561977662563356360,6.570532915360501
4993269061983878074,2.4009163802978235
6174065586261119919,10.028708133971291
6963333416934200590,6.570532915360501
14937148819283490198,2.4009163802978235
1136431182422403734,1.5155459146782357
7912836567495754725,1.1775280898876404
11194007119631353729,3.4417077175697863
2904959253750193102,1.5155459146782357
14169047495995513050,1.5155459146782357
15475369896046285595,3.4417077175697863
9486335711423346734,35.525423728813564
7064975454876812311,1.5155459146782357
10409377128979302097,1.7945205479452053
6314457533775617157,1.7945205479452053
3510157682113124076,1.5155459146782357
7655386616098994196,3.4417077175697863
12797302122784285788,6.570532915360501
10510586749145280892,2.4009163802978235
4129894399719845907,3.4417077175697863
10318144956309077116,3.4417077175697863
12115868830672941514,1.7945205479452053
6135173236296804098,1.7945205479452053
18426513528030625579,3.4417077175697863
9231417090891552606,1.7945205479452053
4325237526615898353,1.7945205479452053
5054401759593532186,3.4417077175697863
12936231368415810309,2.4009163802978235
4415438701740707222,3.4417077175697863
1543792562557686356,1.7945205479452053
8652549075907451520,2.4009163802978235
3895006403275983014,10.028708133971291
755734341324982663,2.4009163802978235
6199312874368858814,3.4417077175697863
12777487760170484796,3.4417077175697863
12980219967268439695,1.5155459146782357
10687233539926835460,10.028708133971291
9015890249972456042,1.5155459146782357
14214030621822687863,1.7945205479452053
7168421413040801808,1.1775280898876404
1297640199759580981,10.028708133971291
11357952081426144531,3.4417077175697863
6722903222903014295,3.4417077175697863
17036117858283710476,1.1775280898876404
9187696826596625642,3.4417077175697863
2045797967269461543,1.7945205479452053
1116386293012085389,35.525423728813564
8435722751652918341,1.1775280898876404
1777227677019661798,6.570532915360501
12028043863387315929,2.4009163802978235
8263088523586177689,10.028708133971291
4210867786029060195,1.5155459146782357
14963471189763669791,10.028708133971291
8030553191626051949,3.4417077175697863
3208776243093252194,2.4009163802978235
6741786321106563020,1.7945205479452053
2247476856557760675,10.028708133971291
9231692064568552022,2.4009163802978235
2078354433595737306,1.7945205479452053
7728003389609784127,1.5155459146782357
15950531563055988888,1.7945205479452053
8294691974632180282,1.7945205479452053
15230942324940238402,1.1775280898876404
2610374249744027988,1.7945205479452053
8596383674765762071,6.570532915360501
12254674860804175388,1.7945205479452053
1258821349949363750,3.4417077175697863
2778140720243098741,52.4
17820599319247461780,1.7945205479452053
6976613050987343212,1.5155459146782357
13409896401550352532,1.7945205479452053
18409785248149866899,6.570532915360501
14818178442812761014,6.570532915360501
11999618417699427738,1.7945205479452053
2500744820651780493,3.4417077175697863
5476051848855183281,52.4
9888752993132991649,3.4417077175697863
9287398553072483293,2.4009163802978235
1830687936889241790,1.7945205479452053
9200560742973554379,3.4417077175697863
4631497873507082562,2.4009163802978235
2036507249198833630,2.4009163802978235
4244355589375708693,2.4009163802978235
8459071315082196712,1.1775280898876404
5155935045240243174,3.4417077175697863
1313083356731197732,1.5155459146782357
5135246704787315742,6.570532915360501
16285866167259657680,10.028708133971291
8931639379714520112,3.4417077175697863
4712582023055976366,3.4417077175697863
16034155590191433554,1.5155459146782357
2610594974559026306,1.5155459146782357
10178552569969309793,2.4009163802978235
8554239456719682433,2.4009163802978235
16516271879296385753,35.525423728813564
13630314112869504935,2.4009163802978235
9547687029188263515,1.7945205479452053
3568841662870852141,6.570532915360501
16014534495500305398,6.570532915360501
15371179601164800784,35.525423728813564
16578699589789070141,1.1775280898876404
2169141948394622517,6.570532915360501
16055236528932789113,10.028708133971291
13000485117227249830,1.5155459146782357
5682845357690589496,1.1775280898876404
13189834239326455491,10.028708133971291
4246694084243150473,3.4417077175697863
10218332378316991641,6.570532915360501
11292130021298430533,1.5155459146782357
2450679497836151627,3.4417077175697863
17039046428636408228,6.570532915360501
7471493474526371100,3.4417077175697863
7253131049787130051,1.7945205479452053
861042075772351148,3.4417077175697863
3782957444134732660,2.4009163802978235
14576396651490455881,2.4009163802978235
10768442511370207328,1.5155459146782357
12532348164104784729,2.4009163802978235
17392720872779623722,2.4009163802978235
8987388975257652378,3.4417077175697863
3751558453885238420,2.4009163802978235
11650571445250913821,6.570532915360501
17471046855131083038,6.570532915360501
15571074399695021617,6.570532915360501
17642296476094694350,6.570532915360501
6380932857582636203,2.4009163802978235
4112691716919482704,1.7945205479452053
5877638524073945959,10.028708133971291
16424395006805864113,10.028708133971291
5401915050264636928,3.4417077175697863
17346559187777185336,35.525423728813564
13167293638321391434,10.028708133971291
1699357724412584984,2.4009163802978235
13787795738125429420,1.7945205479452053
3967221568303766160,6.570532915360501
7630201461892362004,1.5155459146782357
15430948621043778061,35.525423728813564
16552886016124456905,3.4417077175697863
9016081210879471740,10.028708133971291
14667761514119078859,2.4009163802978235
9374212723693714489,6.570532915360501
2327843946163501027,3.4417077175697863
16463733558712462657,3.4417077175697863
15522451417073347050,3.4417077175697863
1507970857013961082,6.570532915360501
7915634937575242265,1.5155459146782357
11335626234852834055,1.5155459146782357
16439401474246188712,6.570532915360501
13532735944088893187,2.4009163802978235
9247205663894506352,10.028708133971291
15356380288943330230,1.7945205479452053
11353805114495240458,1.1775280898876404
9563321460571057440,1.5155459146782357
6952569277566731213,1.5155459146782357
16794773707260414292,1.1775280898876404
5970817075528973816,3.4417077175697863
1601555773710643291,6.570532915360501
6124338552908306381,1.1775280898876404
10595525119081236866,1.7945205479452053
2257517101111337678,3.4417077175697863
14946408090583899092,2.4009163802978235
15748629070704934607,2.4009163802978235
12645428657397165838,2.4009163802978235
5482257461254211163,2.4009163802978235
5153598803887790177,3.4417077175697863
3799749610613258518,2.4009163802978235
10278113267196501966,2.4009163802978235
5455058455867729771,1.7945205479452053
1704850098295656934,10.028708133971291
16967784380283799109,1.5155459146782357
17571961338055904308,2.4009163802978235
4794612937913497662,1.7945205479452053
11338098773237743237,3.4417077175697863
15758872543590403820,10.028708133971291
4482156107171210005,2.4009163802978235
4181133442904104116,2.4009163802978235
16653590050133239437,2.4009163802978235
6646315855972168497,1.5155459146782357
12391379837078516224,1.1775280898876404
3691640215258233729,6.570532915360501
11421802793229152299,1.7945205479452053
14189803651074615751,10.028708133971291
1473246003002457651,52.4
15340115785035529225,3.4417077175697863
513157105254623320,1.7945205479452053
15356373878268866003,35.525423728813564
16186074485557840978,2.4009163802978235
5686877871864252269,6.570532915360501
4085060593638238679,3.4417077175697863
3465893021158367789,1.5155459146782357
8763762617272459988,3.4417077175697863
11701570333031828662,6.570532915360501
16036967043905067884,2.4009163802978235
6740891766742620298,1.7945205479452053
8623781616530491365,2.4009163802978235
3374128070753504878,2.4009163802978235
12993811830675803230,1.1775280898876404
15970232756758674914,2.4009163802978235
13375139145803720065,3.4417077175697863
5484599098285248518,10.028708133971291
15713746639945405068,10.028708133971291
15578365962553250009,6.570532915360501
8854237036299653150,6.570532915360501
11444412891074851175,6.570532915360501
3237279123915326947,2.4009163802978235
2408445080222653288,35.525423728813564
6466690377970926315,1.7945205479452053
8189261591248036731,3.4417077175697863
1731776542053137906,3.4417077175697863
1073935902098644701,52.4
3641650470964892831,35.525423728813564
14124813423892560492,3.4417077175697863
4769661190735956381,1.7945205479452053
6701345990960273210,10.028708133971291
3817613710303195720,10.028708133971291
10052354173489468794,1.1775280898876404
6558907174290730244,1.5155459146782357
4716491515610252547,1.5155459146782357
6185196751890834221,6.570532915360501
5741989226584421209,6.570532915360501
14188096594654630302,1.5155459146782357
14965513954805179901,2.4009163802978235
8733602798063566484,10.028708133971291
16735980755506911281,2.4009163802978235
4819531831435310398,2.4009163802978235
14975797967628934123,6.570532915360501
13945857786775925056,3.4417077175697863
8855796613301181443,2.4009163802978235
18376311662081060449,3.4417077175697863
10167281261326785845,3.4417077175697863
17867599782670455497,2.4009163802978235
12783135853253487568,2.4009163802978235
5699076172906321703,1.5155459146782357
12497820566211793159,2.4009163802978235
4657127362392138269,2.4009163802978235
8957083220716267188,2.4009163802978235
10519084482696130448,10.028708133971291
15509718879398345839,3.4417077175697863
13297075007985218544,1.7945205479452053
2273234082020975874,6.570532915360501
18049290092450652117,6.570532915360501
6791780080029564350,3.4417077175697863
2332490184507696377,3.4417077175697863
11313420932034083545,2.4009163802978235
13558923591769591553,10.028708133971291
16912900175639018441,2.4009163802978235
9579076472964857108,3.4417077175697863
13732572134498321296,3.4417077175697863
3407665206500568426,1.7945205479452053
12510658871511723811,2.4009163802978235
9406016220595350435,3.4417077175697863
8626919106335811260,3.4417077175697863
5076827824617008480,1.7945205479452053
4561774108097863271,35.525423728813564
9214196830161387520,10.028708133971291
1345637708724328021,3.4417077175697863
9876637483189561498,10.028708133971291
18247269783350623016,3.4417077175697863
11310022555725185616,2.4009163802978235
7309729681057214258,52.4
13387663106480505239,3.4417077175697863
16452156256914822848,3.4417077175697863
7985859643411065363,2.4009163802978235
9371874078925405186,3.4417077175697863
5454414025870033644,10.028708133971291
4979313955966070608,3.4417077175697863
970270411392862161,1.1775280898876404
6716096723270982629,3.4417077175697863
9722418938962263447,1.1428571428571428
12018363234603814409,1.7945205479452053
5634082806415916488,3.4417077175697863
7670310439076291682,2.4009163802978235
172491082008330179,10.028708133971291
5061311136434187472,2.4009163802978235
10156205338923399277,2.4009163802978235
18316015909618002494,3.4417077175697863
15977050591160827378,6.570532915360501
11399237535927739966,2.4009163802978235
14883321603690779563,3.4417077175697863
796818516880739213,1.1775280898876404
12337213940581063557,2.4009163802978235
5822616129601762163,2.4009163802978235
2887721306193468296,3.4417077175697863
17533349949807211794,3.4417077175697863
9600220504262706259,2.4009163802978235
16018864494356482945,1.1775280898876404
16354043832229263175,3.4417077175697863
10321617037000281835,3.4417077175697863
16393225677418804305,1.5155459146782357
8042902873471929030,3.4417077175697863
5030918650489943738,35.525423728813564
3789305745955266600,2.4009163802978235
10073374695675195041,1.7945205479452053
15637316936245518125,3.4417077175697863
15247366081589207175,1.5155459146782357
12441270494832473534,1.5155459146782357
7413560489702501286,2.4009163802978235
16485202546807470518,10.028708133971291
3839213710458056847,1.7945205479452053
11624213636146490753,2.4009163802978235
5391266129997706194,6.570532915360501
5811059814893619242,6.570532915360501
7388136817122282932,10.028708133971291
10457693602554917593,35.525423728813564
8300520926912789397,3.4417077175697863
15667772749881296927,1.5155459146782357
719906686005858408,3.4417077175697863
18102797313408292229,2.4009163802978235
11680301514183716252,3.4417077175697863
6186683772021701631,52.4
5002972119370492964,2.4009163802978235
15903973777542971558,2.4009163802978235
15679776075632411519,1.1775280898876404
16926580501549494844,3.4417077175697863
14586144722971078130,2.4009163802978235
10214268591228665385,2.4009163802978235
13811675474225306280,1.7945205479452053
4187609523709397370,2.4009163802978235
15538462164221065759,52.4
12996318645671853501,1.7945205479452053
3238547601620301243,6.570532915360501
813415296941927072,35.525423728813564
92850473685996574,3.4417077175697863
2030384657188985831,3.4417077175697863
2325864797527003890,2.4009163802978235
2938649719633521532,1.5155459146782357
9694392744493244899,10.028708133971291
7205858750961222624,6.570532915360501
8029025889543866738,2.4009163802978235
7469474529495045061,2.4009163802978235
11153351715123059681,2.4009163802978235
16866439632494545160,2.4009163802978235
6351144394054872496,3.4417077175697863
16592762137412826104,2.4009163802978235
9542671382113390220,2.4009163802978235
2428867279109776795,3.4417077175697863
9251434329886023825,6.570532915360501
14796554546190672137,2.4009163802978235
221193017570126229,2.4009163802978235
1861311219309208973,2.4009163802978235
11809954950255382587,1.5155459146782357
6286606020052279588,2.4009163802978235
2739512928225987008,1.7945205479452053
448337354011093024,10.028708133971291
8775573793841925724,2.4009163802978235
8487802504981033790,1.7945205479452053
14048157368075938837,1.1775280898876404
8039037441876028837,10.028708133971291
1681242962421456431,6.570532915360501
13986479876161105199,6.570532915360501
9052238922478826942,1.7945205479452053
460691566323310995,2.4009163802978235
2229297445545243595,3.4417077175697863
5059608577566174884,2.4009163802978235
914504024565548815,10.028708133971291
6414709243900314459,3.4417077175697863
4483719290797218464,52.4
361009850506440089,1.5155459146782357
10757158465538703262,6.570532915360501
10518649623377477005,3.4417077175697863
15092197951906558463,35.525423728813564
14373068643943304278,2.4009163802978235
17384373640365890267,6.570532915360501
10125178128659440683,2.4009163802978235
15756784014011390621,35.525423728813564
12755571193643798546,1.7945205479452053
14573883420252720351,1.7945205479452053
10390052858865117417,2.4009163802978235
10128616360973218654,10.028708133971291
14266852319750192012,2.4009163802978235
4643381749236242814,6.570532915360501
3681341913207312750,1.1775280898876404
3390813726863184411,3.4417077175697863
10458849882286820131,1.5155459146782357
9237389510376145308,1.1775280898876404
3370149683523492009,1.1775280898876404
5729591228383251463,6.570532915360501
498150110095778126,10.028708133971291
13255291466199807945,3.4417077175697863
825346763454219780,1.5155459146782357
5005962051673640626,2.4009163802978235
5339354584486019302,2.4009163802978235
6476247376985100987,2.4009163802978235
14036995412051150038,6.570532915360501
16862856317339348888,10.028708133971291
17222611795065087055,2.4009163802978235
15416198513729662854,3.4417077175697863
14019931904176715896,2.4009163802978235
6527056255122146449,6.570532915360501
10034701355458161374,3.4417077175697863
8210671805824505652,6.570532915360501
11513682788202468004,6.570532915360501
2067412236808682370,3.4417077175697863
9396300846728522177,6.570532915360501
14730115388658117381,10.028708133971291
757926436157850573,2.4009163802978235
17153432914250175827,1.7945205479452053
9521290638390631886,10.028708133971291
6119677716839104391,2.4009163802978235
7682596807437363506,1.5155459146782357
7224530831972032793,1.5155459146782357
15025478245246553525,35.525423728813564
14414213553870778721,2.4009163802978235
4904813284472922933,2.4009163802978235
7121069202406313100,10.028708133971291
4198514857115189463,1.5155459146782357
2750738647023645156,2.4009163802978235
13673270012363628805,1.7945205479452053
16689571334775308582,3.4417077175697863
13357310752414389940,1.7945205479452053
5055397038251666966,6.570532915360501
1182976307059288905,2.4009163802978235
13810772507884162149,3.4417077175697863
725056905723492869,1.1775280898876404
15646933991011147295,10.028708133971291
5788273518645264919,1.7945205479452053
11635629443426982286,2.4009163802978235
11554350345589565670,3.4417077175697863
1425309883016142702,2.4009163802978235
11742705014045574459,1.7945205479452053
799850027900700292,3.4417077175697863
1719443134655235649,6.570532915360501
18092783626668818727,2.4009163802978235
12917776338282701249,1.5155459146782357
11296599859556964121,10.028708133971291
519582370341196471,1.5155459146782357
9429482219882891186,2.4009163802978235
2848488201678503456,3.4417077175697863
1689012710533002010,1.5155459146782357
15871782002220462006,1.7945205479452053
730005773272183781,10.028708133971291
14195798012845331768,1.1775280898876404
4833419456096407485,3.4417077175697863
12900325207421115598,2.4009163802978235
667021095985659649,3.4417077175697863
9808185594771803377,6.570532915360501
13709418643669145046,6.570532915360501
16776747700541027739,2.4009163802978235
367006227615889139,10.028708133971291
5711910338755450441,2.4009163802978235
12449893279708698297,2.4009163802978235
10180673204818240864,1.5155459146782357
13620620552044129209,1.1428571428571428
17815013564661878299,1.5155459146782357
4239304681796700394,1.1775280898876404
10056460102671532115,2.4009163802978235
1519695048939856393,3.4417077175697863
6356456612271404217,2.4009163802978235
14655694621434073726,10.028708133971291
7554255318690611106,1.1775280898876404
16172336167651363236,2.4009163802978235
10891117201999956151,1.1428571428571428
869140306193778661,2.4009163802978235
2291354825301642310,3.4417077175697863
8109623087599408723,3.4417077175697863
8011848363024736565,6.570532915360501
11562725430992816467,3.4417077175697863
10327726065195715462,2.4009163802978235
12033201083383841727,6.570532915360501
4474074537124114232,1.5155459146782357
14801996333741698165,10.028708133971291
14237037018328439074,3.4417077175697863
848067948475834176,10.028708133971291
13883310992637286090,1.7945205479452053
1724235562434762177,2.4009163802978235
825211852688203416,2.4009163802978235
5224971538896883532,1.7945205479452053
15758909819693550515,1.5155459146782357
14970758323785910541,2.4009163802978235
10065211984043412943,3.4417077175697863
14902273143647350692,10.028708133971291
18231618151558915640,35.525423728813564
11217999735987482124,3.4417077175697863
5856083452322781078,3.4417077175697863
17867328775591262471,1.1775280898876404
9204787878529628107,3.4417077175697863
3400431991933478223,1.5155459146782357
11706259681239799073,1.1775280898876404
15804162225675384801,2.4009163802978235
702068364837053609,10.028708133971291
9056634895029043119,2.4009163802978235
8794508667264471469,6.570532915360501
9249570268883228880,2.4009163802978235
3306804772726948727,6.570532915360501
2130061471232304399,35.525423728813564
12176808131436613697,2.4009163802978235
15458322071880038961,2.4009163802978235
8673222679839910029,2.4009163802978235
930467621819484201,3.4417077175697863
8315121739134598806,2.4009163802978235
5448237745132577278,1.7945205479452053
193024571151232839,2.4009163802978235
424753787163772705,6.570532915360501
12152155281541364465,1.1775280898876404
1388473780566419421,1.5155459146782357
9326654427034819367,2.4009163802978235
5565718144312255152,1.7945205479452053
14859812599858897805,2.4009163802978235
1950825183392606990,52.4
1916028424070594560,2.4009163802978235
6651026533578674040,2.4009163802978235
9569966429759431951,6.570532915360501
13884557127553072111,3.4417077175697863
15685522117356140113,2.4009163802978235
5436724895366369293,2.4009163802978235
15449735255412656773,10.028708133971291
13146285988133830156,3.4417077175697863
7361805462397093753,3.4417077175697863
5754728691029932790,2.4009163802978235
2399861695124642831,10.028708133971291
10767818223219656370,6.570532915360501
14119410514111938214,3.4417077175697863
6061899783567667272,1.7945205479452053
4302208918855472810,1.5155459146782357
11296663714542220389,2.4009163802978235
9911585118205289541,2.4009163802978235
17506716258665697176,3.4417077175697863
4230599930258660259,2.4009163802978235
5706426556863304555,2.4009163802978235
14372599001576912449,3.4417077175697863
13802557398096943803,6.570532915360501
8679624218024408406,2.4009163802978235
14685038150163278997,1.1775280898876404
1563399331744812640,3.4417077175697863
11879882618615493477,2.4009163802978235
4600884525277123928,2.4009163802978235
188139606161822165,6.570532915360501
14052559293328317208,3.4417077175697863
1806958453767246853,3.4417077175697863
5305641697928282918,1.5155459146782357
603486959061647067,1.1775280898876404
1256793496753044332,2.4009163802978235
17627949849774160568,6.570532915360501
16959459183200873917,2.4009163802978235
13165067728704770948,1.1428571428571428
7416440385478450224,2.4009163802978235
14024796732354829704,1.5155459146782357
407189111992294848,1.7945205479452053
15019279765689704405,6.570532915360501
16269141836775458549,1.5155459146782357
16580494600986232015,1.1428571428571428
9128793561773045131,1.5155459146782357
11265453182012299980,2.4009163802978235
175777696733265162,1.5155459146782357
13571097998518312968,2.4009163802978235
5099171991200468903,10.028708133971291
8760835317496463442,2.4009163802978235
842114723261737387,2.4009163802978235
10553810828799731487,1.5155459146782357
6620695913127402213,1.7945205479452053
4196835264261062669,2.4009163802978235
6029441311751596562,1.5155459146782357
11759117761509410088,1.5155459146782357
17676600416880246756,1.5155459146782357
10127393799803885299,10.028708133971291
12475971032595384520,1.5155459146782357
14962373858169101894,3.4417077175697863
7095126847407180922,3.4417077175697863
15010306241571464021,2.4009163802978235
7181706262562241668,2.4009163802978235
8697118948247109360,1.5155459146782357
5224188627817910892,1.5155459146782357
2751610968975659910,2.4009163802978235
5785611543837199028,52.4
1017956974268296986,3.4417077175697863
13382628413032912847,2.4009163802978235
1587323288133401238,3.4417077175697863
14956518698861016093,6.570532915360501
4888954885337625780,6.570532915360501
2031839971099595066,1.7945205479452053
4376735585474119733,3.4417077175697863
4704765881309299257,1.7945205479452053
12208986852375592013,10.028708133971291
4450743453890653371,1.5155459146782357
11322587620235841917,2.4009163802978235
11114339018671136279,2.4009163802978235
17785868430305932152,10.028708133971291
6968450879041261886,2.4009163802978235
1036039333968610484,1.7945205479452053
2643498749595270240,2.4009163802978235
14149295966180928494,3.4417077175697863
14388005796201274463,2.4009163802978235
5115905372582335150,1.7945205479452053
18124215728773306964,3.4417077175697863
1875111756972463847,2.4009163802978235
11598555010896960401,3.4417077175697863
8172174123635381587,1.5155459146782357
13190210944673948199,3.4417077175697863
3124748784093506084,3.4417077175697863
2922471222991053945,35.525423728813564
16141798881628445261,1.5155459146782357
7442400343830426978,3.4417077175697863
3710380160598594555,6.570532915360501
10720629877409613240,6.570532915360501
1463632710523204819,6.570532915360501
15507101762549755377,1.7945205479452053
6808985772790711288,1.5155459146782357
16771260595611287766,1.7945205479452053
2373226713079084265,1.7945205479452053
11236505542848234363,6.570532915360501
2329183049467958152,52.4
10662989970849518873,2.4009163802978235
15211788767718316084,3.4417077175697863
219208226947410435,1.7945205479452053
12024767974407931599,10.028708133971291
6035891279287947015,3.4417077175697863
7353008532465742054,3.4417077175697863
14573280229420441046,2.4009163802978235
9417961865601725741,3.4417077175697863
3974428161350961996,1.7945205479452053
14157150987876435157,3.4417077175697863
14970296634310296843,10.028708133971291
7383187388537999425,35.525423728813564
8562458123105026684,2.4009163802978235
5345936448062854426,10.028708133971291
692731771145079725,3.4417077175697863
18392028122632329470,6.570532915360501
16522566868030616972,2.4009163802978235
14537823230235536782,1.1428571428571428
13414230186547458348,3.4417077175697863
10482471169034963513,1.7945205479452053
11440578415082185055,3.4417077175697863
13281978755658715977,6.570532915360501
14862632864033291595,2.4009163802978235
7392762694154419318,2.4009163802978235
3058003118740755422,6.570532915360501
6769561179529148344,2.4009163802978235
10068012896430905207,2.4009163802978235
13429330773663262573,2.4009163802978235
8254030139065847139,1.5155459146782357
2477192265582104424,10.028708133971291
16913036760907132733,10.028708133971291
1071434776534258354,3.4417077175697863
3001172154752244016,1.1775280898876404
7596636898329600200,10.028708133971291
10350784365160863566,1.7945205479452053
2366951894119274141,3.4417077175697863
1184409064161825245,1.7945205479452053
8185962081828841625,52.4
15403409880037985440,6.570532915360501
111717439354768706,35.525423728813564
15907972625461231955,2.4009163802978235
9834972443896695184,1.7945205479452053
12854591569030752121,2.4009163802978235
10698144144948581420,3.4417077175697863
9390148902175130073,1.7945205479452053
1306137474826659607,3.4417077175697863
2502879711149489707,3.4417077175697863
17951991310908783931,3.4417077175697863
4882327159563753479,2.4009163802978235
10283407200477528150,3.4417077175697863
526067242247637048,1.5155459146782357
3528637533517507430,1.7945205479452053
6993860646206883120,1.5155459146782357
11900774790872058056,3.4417077175697863
8003877745086405370,1.1775280898876404
3772439343567112927,2.4009163802978235
5368662136571660399,2.4009163802978235
3797559305864514393,3.4417077175697863
11508354802340356506,3.4417077175697863
15024823816928780513,1.7945205479452053
3953278916042790332,6.570532915360501
1693337165633365419,3.4417077175697863
15732834945423167468,1.7945205479452053
2679391325890811688,3.4417077175697863
694789543364614417,6.570532915360501
15294538175453107318,1.5155459146782357
6911448166028605590,10.028708133971291
16698923378758587151,6.570532915360501
2717862976698570182,2.4009163802978235
10224676118869403541,2.4009163802978235
7523912302710080592,1.5155459146782357
12554066507661484507,1.5155459146782357
1037471624946966865,2.4009163802978235
5535144346560707254,1.7945205479452053
4431145541053116844,1.5155459146782357
9886448094858765980,52.4
14264652545501617586,3.4417077175697863
13350977523456302718,3.4417077175697863
17882858022673003876,2.4009163802978235
313834108567907594,35.525423728813564
15655647274084769910,1.7945205479452053
14387524118248384149,6.570532915360501
8201232099447908723,3.4417077175697863
17618373034858309094,2.4009163802978235
2638923818403806441,2.4009163802978235
10968352715152183159,10.028708133971291
1441187268272350799,3.4417077175697863
17633170710009883251,2.4009163802978235
4744100925862716884,3.4417077175697863
11937925569970402724,6.570532915360501
16420577266546282356,10.028708133971291
9097080240828249151,3.4417077175697863
12846769861894969779,2.4009163802978235
8836495661734523416,10.028708133971291
13565907153840090809,3.4417077175697863
9988098868448036349,1.1775280898876404
5697382241313143128,3.4417077175697863
8105638006623381209,1.5155459146782357
8941931303959914751,1.5155459146782357
12705854121638553714,2.4009163802978235
4666184349776131081,2.4009163802978235
12787544776932184496,2.4009163802978235
4137835547547578135,2.4009163802978235
5547219760774313060,3.4417077175697863
9181705565636133571,2.4009163802978235
1548916458529050362,1.1775280898876404
711017114225574761,3.4417077175697863
17025002794780957035,6.570532915360501
7393238925671638306,2.4009163802978235
8447288297366167655,1.7945205479452053
10565870083030058508,52.4
8744953715644303874,10.028708133971291
6336117495900853565,2.4009163802978235
8670328374389149860,1.7945205479452053
12191460029024532422,1.5155459146782357
2886304354882496797,3.4417077175697863
10295233321234276279,3.4417077175697863
1490497412170057466,2.4009163802978235
16721207596536859192,10.028708133971291
16497363589291018479,1.5155459146782357
9080311622185536573,1.7945205479452053
14384856085517070358,2.4009163802978235
16485674251009161095,10.028708133971291
4525410663521352849,1.7945205479452053
16176784046997266555,2.4009163802978235
3129186281568865713,3.4417077175697863
1423837940293007433,2.4009163802978235
12946081882236277804,3.4417077175697863
17852014667831633039,2.4009163802978235
2457016693701574520,6.570532915360501
14616994079524861520,1.7945205479452053
909879515294457045,2.4009163802978235
1724051981152551093,2.4009163802978235
1802113137691341726,3.4417077175697863
13252649066085164341,10.028708133971291
16581091013297726495,6.570532915360501
13695121048481679569,3.4417077175697863
11478130270722319897,2.4009163802978235
2322425632173465311,6.570532915360501
11483262442075923883,2.4009163802978235
12559632577618501786,6.570532915360501
10115598100682440344,1.7945205479452053
11974556573006386660,6.570532915360501
6657162476112319248,3.4417077175697863
13855328690138935209,1.1775280898876404
10877315560350236706,10.028708133971291
13788050687356820717,1.1775280898876404
5650512677834171157,1.5155459146782357
14401782931810505720,3.4417077175697863
7693173488890492635,10.028708133971291
3091843147866659994,2.4009163802978235
9402216011782747671,10.028708133971291
9884488254661299505,3.4417077175697863
10679755077091904517,2.4009163802978235
15418814166513088195,35.525423728813564
13538186904303506322,10.028708133971291
9425992350178821193,10.028708133971291
17524776592835453421,3.4417077175697863
12610571015519499516,1.1775280898876404
14851504439804189779,3.4417077175697863
9343582315334699685,2.4009163802978235
5741473062504466742,2.4009163802978235
10410941162518443751,2.4009163802978235
16560636039978341222,1.1775280898876404
18187371849543945972,2.4009163802978235
15977397154488452352,1.5155459146782357
3394246914145950485,3.4417077175697863
7008245565339479172,2.4009163802978235
15636422414945362153,3.4417077175697863
14329952582163269412,10.028708133971291
8805991622865848021,1.5155459146782357
5086522166501459092,3.4417077175697863
10168355229603548013,3.4417077175697863
15198316631321146063,3.4417077175697863
6655831389321081269,3.4417077175697863
10589603962078058461,3.4417077175697863
1211998246551661794,3.4417077175697863
16203890471435369893,1.5155459146782357
2549005893547474981,10.028708133971291
15492055511932979507,2.4009163802978235
1832293206044593063,2.4009163802978235
8517755502285399429,1.7945205479452053
4360111985048084608,2.4009163802978235
16837804558932125557,2.4009163802978235
1848791089217873290,3.4417077175697863
9810838604893364196,2.4009163802978235
9305230623286807680,3.4417077175697863
12043723861404422932,1.5155459146782357
3444918934044177940,3.4417077175697863
15404609854068468158,2.4009163802978235
3076420384799058124,1.5155459146782357
10020850374805737631,6.570532915360501
10691604834639557758,2.4009163802978235
16016505205998568613,2.4009163802978235
10631071432966605057,2.4009163802978235
12480674105423448255,2.4009163802978235
4486067467317150000,10.028708133971291
9360044252150152476,1.7945205479452053
18005127221031086846,6.570532915360501
4402835139618994230,2.4009163802978235
8537181835018869339,1.5155459146782357
7052882684292661822,3.4417077175697863
814258698712593215,2.4009163802978235
14045499315997237524,3.4417077175697863
11458704639251234990,3.4417077175697863
9294304926271629141,3.4417077175697863
8252678314148379356,6.570532915360501
1945658723587311168,2.4009163802978235
15054386715540535933,1.5155459146782357
16579413583343421133,3.4417077175697863
8860114001875742304,1.7945205479452053
4930578460801027028,3.4417077175697863
1845415031991308152,52.4
1593269656046491784,1.7945205479452053
11082732799293862551,3.4417077175697863
6460586498618425095,3.4417077175697863
10108858518974202889,2.4009163802978235
16056390530546068114,3.4417077175697863
10674066686483520190,2.4009163802978235
12359431006053298250,2.4009163802978235
2686722809869893595,35.525423728813564
11640139131475219404,10.028708133971291
14408141488720325125,1.5155459146782357
9026763316266219369,6.570532915360501
15279992757412310077,6.570532915360501
13376602837898370069,1.7945205479452053
3379583325073697406,3.4417077175697863
2584699245745252636,2.4009163802978235
6582104604854025885,6.570532915360501
16414245320451710866,2.4009163802978235
10419942069842596528,3.4417077175697863
8385000480720064392,10.028708133971291
8213344075110825428,1.5155459146782357
16123257797605210485,2.4009163802978235
3765088132202415867,2.4009163802978235
2416837954302229078,1.7945205479452053
6685201620487759955,10.028708133971291
13666278483318525427,35.525423728813564
13357887802719671842,3.4417077175697863
14496662870880305442,2.4009163802978235
2129096376688023084,3.4417077175697863
12666363354102518700,2.4009163802978235
12286703123617879847,2.4009163802978235
900234926410044505,2.4009163802978235
1112314673478359952,3.4417077175697863
13761674305823005859,3.4417077175697863
4824259793389259280,3.4417077175697863
16975359915160980526,3.4417077175697863
13264174119596970726,6.570532915360501
5717503026522312809,1.5155459146782357
2868183102857900354,2.4009163802978235
4052294998515838304,2.4009163802978235
9184259479484942894,1.7945205479452053
3352029679372852979,1.7945205479452053
8239700265164930479,2.4009163802978235
5557904799144361742,3.4417077175697863
5968317494951086504,2.4009163802978235
5533163222378237971,2.4009163802978235
6341481928631994447,10.028708133971291
3083332290204219431,35.525423728813564
9224462921060294257,6.570532915360501
8695824535090974124,2.4009163802978235
5793875856278101412,1.7945205479452053
15969274170415404934,2.4009163802978235
8951477458262415517,3.4417077175697863
15542189282964716386,2.4009163802978235
3115131244831757541,1.5155459146782357
5436402386597507144,3.4417077175697863
9403545454935384609,10.028708133971291
7466995998899606044,2.4009163802978235
17028383996147220902,6.570532915360501
12310882289807353695,1.1775280898876404
14809297529422955602,10.028708133971291
609221492314629032,3.4417077175697863
12333043201658808870,6.570532915360501
5871897016276227742,2.4009163802978235
11618597128556542952,3.4417077175697863
4941400716864130259,2.4009163802978235
4738958301373951619,6.570532915360501
1506918803007269561,2.4009163802978235
15933307988880993654,6.570532915360501
4952354108937565349,2.4009163802978235
3655386601943737573,3.4417077175697863
8423940755038037223,2.4009163802978235
18975246810038865,1.1775280898876404
14945575066112266321,1.5155459146782357
15739401010473791528,2.4009163802978235
17047722483742719133,10.028708133971291
12710236979888213504,3.4417077175697863
3954129011611081926,3.4417077175697863
5426385402093454993,3.4417077175697863
8760256047972639245,35.525423728813564
11698561108703796820,3.4417077175697863
11030858451879485908,2.4009163802978235
14811517317805883603,1.7945205479452053
15943439350242826705,35.525423728813564
4870659409153357313,1.5155459146782357
8754064221132610220,1.1775280898876404
6837793402585860308,2.4009163802978235
10514564454560872520,1.5155459146782357
11617682588283654031,2.4009163802978235
683334512492051338,2.4009163802978235
2843587668424218867,2.4009163802978235
4698216094474718613,2.4009163802978235
8476024608065052521,10.028708133971291
4158772712176370146,2.4009163802978235
760633564673152636,52.4
9922597386081684345,2.4009163802978235
17518670591540312147,3.4417077175697863
17002679282127013553,3.4417077175697863
369397129701182667,10.028708133971291
4578145752006919799,52.4
17059628620973811686,2.4009163802978235
7245382200468302988,1.1775280898876404
13520006562015986200,1.1775280898876404
6819923773371912569,3.4417077175697863
2719679196594321269,1.5155459146782357
6843407012615055951,3.4417077175697863
14192675249392455110,1.7945205479452053
16962614270757586372,3.4417077175697863
6680144225550318983,2.4009163802978235
1326005394881772158,3.4417077175697863
6549380159740124189,2.4009163802978235
10756357836696331644,2.4009163802978235
13101485815148795777,2.4009163802978235
8324373745893212160,1.7945205479452053
2900548405419746933,1.7945205479452053
2828868974225801202,2.4009163802978235
4231242315478276998,6.570532915360501
12483684826548131086,1.1775280898876404
13080120868267222938,52.4
12605566723361371779,6.570532915360501
5589806435409798080,10.028708133971291
9076997693203206345,2.4009163802978235
14078915225533081525,6.570532915360501
10646530246715543553,2.4009163802978235
1685287554092345086,10.028708133971291
16969337180179635988,1.7945205479452053
6448039391866718593,1.7945205479452053
16799146693585895783,2.4009163802978235
2297767631048115868,1.1428571428571428
8846762954078897631,10.028708133971291
7807413941115157530,1.7945205479452053
10312601692560389292,6.570532915360501
9426673837361379694,2.4009163802978235
15639448803027115071,3.4417077175697863
2299735422577179299,1.5155459146782357
93256067643012494,2.4009163802978235
13314459961863081975,1.1775280898876404
14784302109912718271,3.4417077175697863
12249060852767830709,2.4009163802978235
9857586291473746592,6.570532915360501
7916873495750030283,1.7945205479452053
4644674740616539583,10.028708133971291
10095751637087164852,6.570532915360501
8331455434547962301,52.4
10026971377870927329,3.4417077175697863
15197306929181164992,3.4417077175697863
14817399270322422492,35.525423728813564
796654663941535986,1.7945205479452053
8820688856910199595,35.525423728813564
2647213432489391897,2.4009163802978235
16117717981750949679,3.4417077175697863
300007672501281935,2.4009163802978235
13989288705361067167,10.028708133971291
14524271460852204925,3.4417077175697863
5876032785364749916,3.4417077175697863
13987861415994454172,2.4009163802978235
666784094547308947,1.7945205479452053
16440118593879806089,2.4009163802978235
18001579396181061572,6.570532915360501
8657821179797182909,3.4417077175697863
7409314670656292674,1.1775280898876404
18237777484368525727,2.4009163802978235
16754457095506960771,3.4417077175697863
14664268413106814518,3.4417077175697863
16551750439037160439,3.4417077175697863
8504173173307060493,3.4417077175697863
10517004651796028679,3.4417077175697863
3241987831815261771,1.5155459146782357
6034293767745385138,2.4009163802978235
15077615178347866537,6.570532915360501
17634304322317853770,1.7945205479452053
669033896523470482,1.5155459146782357
12900718988338133152,3.4417077175697863
17124648226500433893,3.4417077175697863
777088885560424400,2.4009163802978235
6598905692010479812,10.028708133971291
10245396218064258564,2.4009163802978235
10081435122427592003,1.1775280898876404
1455541923454421209,3.4417077175697863
5290667493942423233,35.525423728813564
578072249548107891,10.028708133971291
1531686086677749533,2.4009163802978235
4567922168099504125,1.7945205479452053
14825923331924945211,2.4009163802978235
3058740308882777616,3.4417077175697863
14102705198087274744,6.570532915360501
13465393825121445098,2.4009163802978235
3524547641172341019,1.7945205479452053
9452501183141796503,2.4009163802978235
16472003381815097179,3.4417077175697863
13995450833648613244,1.1775280898876404
14129632345426102790,2.4009163802978235
5307140363469027810,2.4009163802978235
16668055465750114078,1.5155459146782357
10849099895963769887,1.7945205479452053
11396154944579471936,1.1775280898876404
10841011144092027625,3.4417077175697863
7441309077290794782,2.4009163802978235
5184770856301135875,1.5155459146782357
4181295907031666242,6.570532915360501
8786053605070483377,1.5155459146782357
15014699568467016340,2.4009163802978235
2405164778349066658,3.4417077175697863
5272796727289553622,35.525423728813564
4966974629525059077,2.4009163802978235
3272648073151876831,3.4417077175697863
14556407802191884713,2.4009163802978235
2561785056942010417,2.4009163802978235
1681322758093098613,2.4009163802978235
9657662493058959858,3.4417077175697863
3686065246308127700,10.028708133971291
5621547068024082198,1.1775280898876404
3752918968099505424,6.570532915360501
4211612776764155647,3.4417077175697863
3924638339823368503,10.028708133971291
10318131938049166526,2.4009163802978235
18444951454197947612,10.028708133971291
18436921968555745619,2.4009163802978235
16952977379811629387,10.028708133971291
13717336742130924444,2.4009163802978235
9593643566133306587,1.1775280898876404
1188551834639041329,3.4417077175697863
6143492333315282877,3.4417077175697863
3745365604979242343,6.570532915360501
17488409042456523348,2.4009163802978235
11846852431999222237,1.5155459146782357
18074964933109873252,1.5155459146782357
366632336552669072,2.4009163802978235
12099124969996000964,3.4417077175697863
14016659377439774721,1.1775280898876404
10336310008021883633,3.4417077175697863
15529269308811042713,1.1775280898876404
12747435630703804371,3.4417077175697863
3149478538559649235,1.1775280898876404
2104903737589440228,3.4417077175697863
6565620495815704390,1.5155459146782357
8605742430891667480,52.4
6371427832760467146,1.1775280898876404
11100966859069444291,1.5155459146782357
4601775921314168307,3.4417077175697863
4958510500078331546,10.028708133971291
6103357533871257721,2.4009163802978235
14846801321918264045,3.4417077175697863
14774143788962000789,3.4417077175697863
15703954156775441797,3.4417077175697863
11047962905646758571,2.4009163802978235
4906134811145591306,1.7945205479452053
899816972927409923,1.5155459146782357
2876235820232182790,2.4009163802978235
6476921803551809553,2.4009163802978235
9224157307303634576,1.5155459146782357
7721147826337619749,1.7945205479452053
4874510013203979414,35.525423728813564
1268126512589097632,1.7945205479452053
12872993370145219066,3.4417077175697863
397863318267697086,2.4009163802978235
15842221163824379438,1.7945205479452053
2343899442700193473,3.4417077175697863
1792773749031263120,3.4417077175697863
3551775718107122843,10.028708133971291
7535909112528197741,2.4009163802978235
15753035480842379920,2.4009163802978235
15010792378263963204,6.570532915360501
871433783428802456,2.4009163802978235
1484927918861350655,10.028708133971291
12842983723495271763,6.570532915360501
1513777541699915970,2.4009163802978235
6565464228970292871,52.4
8636701429771719915,6.570532915360501
11379624050245357354,1.7945205479452053
16994165417686237230,35.525423728813564
17029451225897986529,1.5155459146782357
4056888175875938167,6.570532915360501
7129729661507006721,1.7945205479452053
5742484193744236078,3.4417077175697863
5550350517008248556,10.028708133971291
8290333995674250242,6.570532915360501
11678115472522884565,2.4009163802978235
17819264440466067763,3.4417077175697863
10384193900428482971,6.570532915360501
2487735690591812407,1.7945205479452053
13180646545927041029,2.4009163802978235
5693082825320630984,1.7945205479452053
17936848749381814653,1.5155459146782357
13061097446614148159,1.7945205479452053
9715584069494886965,2.4009163802978235
7567965510781335288,10.028708133971291
10769092019676523314,1.1775280898876404
230004385727211977,1.7945205479452053
4929903361970610464,1.7945205479452053
15551328389257912901,2.4009163802978235
630966937780501088,6.570532915360501
13938508830220215404,6.570532915360501
10908519449825267514,1.7945205479452053
1597589744792049737,1.7945205479452053
13612651455884561119,6.570532915360501
1767199955362179921,10.028708133971291
196534143991321267,2.4009163802978235
13040276497483783206,2.4009163802978235
2657806636856045621,2.4009163802978235
9661197211210697050,2.4009163802978235
12528950493520565905,2.4009163802978235
10306511373893366731,2.4009163802978235
12027252483198461849,2.4009163802978235
14652342528123747940,1.5155459146782357
170221114225147889,6.570532915360501
15680304848319392749,2.4009163802978235
3468418602722623919,3.4417077175697863
16761349276315689727,2.4009163802978235
10170168169782848403,3.4417077175697863
1045152873901050889,6.570532915360501
9949535053986008875,3.4417077175697863
10536134137053835517,1.1775280898876404
15329360345373035200,3.4417077175697863
2961059934806403292,1.5155459146782357
4237745607947425481,2.4009163802978235
15428489750229491532,3.4417077175697863
4105207542844419259,1.7945205479452053
1503594843271355233,10.028708133971291
7489741772331704664,35.525423728813564
1772811553950957356,2.4009163802978235
122242516339706271,3.4417077175697863
3730037858728424969,6.570532915360501
14108995904067070380,2.4009163802978235
4237685746205380153,1.5155459146782357
7970381423872252526,2.4009163802978235
7931711230699546164,35.525423728813564
6666233922924855804,1.5155459146782357
6091028063767518194,2.4009163802978235
10808365867202997864,1.7945205479452053
754656795991677790,1.1775280898876404
1066676411018271766,2.4009163802978235
7208335951016517235,3.4417077175697863
1461699196221936164,1.1775280898876404
14119247506798375543,2.4009163802978235
8271396729736711015,6.570532915360501
13158804093232414160,3.4417077175697863
11078500141033217018,10.028708133971291
18294685182522193285,3.4417077175697863
14804871600879534479,1.7945205479452053
5037068640724060094,2.4009163802978235
17478554714968147208,3.4417077175697863
11993226331533794956,1.5155459146782357
16224303987435773920,1.7945205479452053
3400307434911303780,2.4009163802978235
11492318584897802392,3.4417077175697863
14071072313745828856,6.570532915360501
10068658462201421253,3.4417077175697863
5980537837555515722,2.4009163802978235
15056132564702947899,10.028708133971291
11094136386290599833,10.028708133971291
480214264378105954,3.4417077175697863
12825435631785292006,2.4009163802978235
120955349812750806,2.4009163802978235
9214807330406718483,52.4
508283755501901083,10.028708133971291
8354139878339409714,35.525423728813564
3665916994727894679,3.4417077175697863
10792876355891825580,1.7945205479452053
2524777635307478526,10.028708133971291
6892328191233797785,10.028708133971291
9464354099902763517,1.5155459146782357
8932323864832229837,1.1775280898876404
17136117347918320917,3.4417077175697863
18341500780413031716,2.4009163802978235
16841681045660907618,1.5155459146782357
16420055489636067503,1.7945205479452053
17775422309105642734,1.7945205479452053
1821858193906397522,3.4417077175697863
10080264424159506028,3.4417077175697863
4130488188257510925,1.5155459146782357
11180598794627341818,1.7945205479452053
16550872431012785939,52.4
17003786933452212910,3.4417077175697863
17504874758080650960,2.4009163802978235
6642237340738064651,1.7945205479452053
290962742673055464,3.4417077175697863
7526080262147380158,2.4009163802978235
913350279723007072,2.4009163802978235
6617580935362905149,6.570532915360501
5220501491554755316,3.4417077175697863
8105343089021961411,2.4009163802978235
17599971786799452899,1.7945205479452053
2482986803101084308,1.7945205479452053
1965423127976195156,1.5155459146782357
16348893486955838155,2.4009163802978235
13275499636073514437,1.1775280898876404
14348976510101933692,3.4417077175697863
6502277169135265228,10.028708133971291
13518371959651300326,2.4009163802978235
16074236703419635755,2.4009163802978235
11034645054276593416,1.7945205479452053
12335902963869997160,10.028708133971291
6333300496472671208,10.028708133971291
6094683008692291021,1.7945205479452053
9591211465498521695,3.4417077175697863
10236523786069872317,52.4
6440289355233621649,1.7945205479452053
9730065085814348984,1.7945205479452053
5974067749682540106,10.028708133971291
1965148958310273536,1.1428571428571428
9735755250005706735,3.4417077175697863
886866568339155831,3.4417077175697863
225516857359137977,1.1775280898876404
12282991218481043852,3.4417077175697863
12431293811311601308,2.4009163802978235
282930331450391645,3.4417077175697863
4089238374847948178,35.525423728813564
6602276891785643670,1.5155459146782357
7929223439606313722,2.4009163802978235
11378784601630462282,3.4417077175697863
5848104149913372498,52.4
7726143292814192679,1.7945205479452053
15320703988190484390,2.4009163802978235
15114000782531962557,3.4417077175697863
14334417303934119011,6.570532915360501
14506051603799654149,1.5155459146782357
5579048467332401683,3.4417077175697863
10442868337425228728,3.4417077175697863
12841774604615913849,2.4009163802978235
18009792703423426916,10.028708133971291
15148206418611626042,3.4417077175697863
10665401644312694171,10.028708133971291
16745170875177286875,3.4417077175697863
14112580395989590200,3.4417077175697863
12942762636427326193,1.1775280898876404
1453312082410740406,2.4009163802978235
4262875718261455071,2.4009163802978235
9996529665569768055,1.5155459146782357
18204135652648287591,6.570532915360501
1550184552258663425,10.028708133971291
7183553355278606412,2.4009163802978235
5409434068665624106,10.028708133971291
11888590959809564467,2.4009163802978235
13865895407466899597,10.028708133971291
4042491761205907144,2.4009163802978235
12244413764412720810,10.028708133971291
6475215093998840989,2.4009163802978235
4041690966775329746,2.4009163802978235
14007640644408569407,2.4009163802978235
17044289989856799009,10.028708133971291
8210867229922699806,35.525423728813564
4574566341149277826,3.4417077175697863
7064827183227119772,1.7945205479452053
14539088499793528572,3.4417077175697863
3257260985543417036,10.028708133971291
10906536107465117625,2.4009163802978235
14802949761255250525,2.4009163802978235
2541909278986195583,3.4417077175697863
17858218421429134817,3.4417077175697863
17932807514607671918,1.5155459146782357
6618570711824458254,2.4009163802978235
16072691376285215831,2.4009163802978235
1601863839391874932,2.4009163802978235
4271634669432819935,6.570532915360501
3119503085757596180,2.4009163802978235
10232981206524407313,2.4009163802978235
870913745001588422,1.5155459146782357
16347824647512645377,2.4009163802978235
15455039724947025996,1.7945205479452053
52820421859367909,3.4417077175697863
2730246718901650275,2.4009163802978235
9385409904560713524,10.028708133971291
15397113629388028798,2.4009163802978235
16364031494143464865,6.570532915360501
12983327418930299915,10.028708133971291
558528032335564811,2.4009163802978235
12587270257319630916,3.4417077175697863
3880667614536977648,2.4009163802978235
8565610481030993204,2.4009163802978235
8433169429644591234,3.4417077175697863
11185954165271968559,10.028708133971291
8491112222496259260,3.4417077175697863
2577079463066607166,35.525423728813564
11470480238124838199,3.4417077175697863
4113237541748422691,1.5155459146782357
2245844356519084722,2.4009163802978235
8413667147306870290,3.4417077175697863
4126071778382524320,3.4417077175697863
8149848137032773702,1.7945205479452053
7860474449687203076,6.570532915360501
10002672813921613015,3.4417077175697863
7281330099788241207,1.5155459146782357
6606780436484746965,2.4009163802978235
3357427581749319956,1.5155459146782357
11446554021091186034,6.570532915360501
8952536124125316794,1.7945205479452053
16263370011730364611,6.570532915360501
13226229522308574405,10.028708133971291
17699008329227863649,3.4417077175697863
12074279300854536757,2.4009163802978235
2627820526020257657,1.5155459146782357
600690716368044213,10.028708133971291
18398826554207838710,1.5155459146782357
12397948301043157937,2.4009163802978235
10212446992320167940,3.4417077175697863
2701729828864608442,2.4009163802978235
8598075554344627653,6.570532915360501
13488936681144626546,3.4417077175697863
14722064269081453404,10.028708133971291
6021112993844169726,1.5155459146782357
11158829398231542327,1.7945205479452053
3323291192355758555,3.4417077175697863
15499068900157423859,3.4417077175697863
3132499402403433279,6.570532915360501
17309736579540098298,1.1775280898876404
17446325025894774356,1.7945205479452053
8488427178382591958,1.5155459146782357
1541154068633308790,1.7945205479452053
17423818602290427937,2.4009163802978235
11738274705021639860,2.4009163802978235
4526591625549884101,1.7945205479452053
18179849684397220362,1.7945205479452053
9238572463688237724,6.570532915360501
13622767994714842404,2.4009163802978235
11128262049977973757,3.4417077175697863
17245773686155480189,3.4417077175697863
6511058074653680575,1.5155459146782357
10893956183265120408,10.028708133971291
12576533018105760380,1.7945205479452053
8456494003577222325,3.4417077175697863
288398525940784654,2.4009163802978235
17112642914500835370,1.7945205479452053
2025249689802100856,10.028708133971291
12371542879062927738,2.4009163802978235
15482324541248406735,3.4417077175697863
4353340198087928688,1.5155459146782357
15722318889989442904,1.1428571428571428
10010155418188857529,2.4009163802978235
10953190597426314393,3.4417077175697863
17474946109171395267,1.7945205479452053
3285961131116251453,1.5155459146782357
13852758152930042136,3.4417077175697863
862923652453804019,6.570532915360501
4419592170594694336,2.4009163802978235
2007307559682453073,3.4417077175697863
14937211484384500239,1.1775280898876404
4300446046426598969,1.7945205479452053
14612705890207745237,2.4009163802978235
15307492862635004946,1.7945205479452053
7558478327376186099,1.5155459146782357
14297372856313550996,3.4417077175697863
1278855921483931557,3.4417077175697863
6131595700602303537,6.570532915360501
3642062056493143982,3.4417077175697863
16524480890148777258,3.4417077175697863
253763439168767252,2.4009163802978235
3933978293487164728,1.7945205479452053
14478927261783177273,1.7945205479452053
18210438813455148110,35.525423728813564
8061922571664666928,6.570532915360501
15458876101223422182,1.7945205479452053
14813828749967953407,1.5155459146782357
8104059464448373230,3.4417077175697863
16028947054513613786,3.4417077175697863
12275593183925834831,1.5155459146782357
9423428488242469971,1.7945205479452053
14746934902277713627,1.7945205479452053
17095590482926512676,35.525423728813564
546554501200843608,3.4417077175697863
9165944879737108509,1.7945205479452053
10091798092201137757,1.7945205479452053
3970059914302305899,2.4009163802978235
7883459568616042557,3.4417077175697863
15942849931145792831,52.4
6254830911583912740,3.4417077175697863
11809987429485321380,6.570532915360501
6118170296872968775,3.4417077175697863
5232297699116252025,1.7945205479452053
1323450068796661634,3.4417077175697863
15035594392399518197,1.7945205479452053
9300789224516808098,1.7945205479452053
16154808849813413158,10.028708133971291
17212417755758625025,1.7945205479452053
12041720683993072289,3.4417077175697863
3481371138197900395,1.5155459146782357
181684796358752815,2.4009163802978235
5590411887390555641,1.5155459146782357
363702325510837166,2.4009163802978235
4008944473807450284,1.7945205479452053
8659065531882048189,1.7945205479452053
11454186441060468207,3.4417077175697863
10817861733278454240,2.4009163802978235
8626981391432756412,1.7945205479452053
8436756731128414393,1.1775280898876404
2533053673897301226,6.570532915360501
7424559171627356636,35.525423728813564
8265835489385247460,2.4009163802978235
12180532909584443170,3.4417077175697863
3145067268669635664,3.4417077175697863
2229183722422786714,6.570532915360501
6725179599129254276,1.7945205479452053
12548534343478322862,6.570532915360501
17382506760362159829,2.4009163802978235
1924149986507557579,2.4009163802978235
16361409678837239306,1.7945205479452053
2993155176988943067,2.4009163802978235
8955874342213678087,1.5155459146782357
16906560398154460263,3.4417077175697863
17478866884951727870,2.4009163802978235
15998631831540035294,10.028708133971291
8113645066278003567,2.4009163802978235
9186278081842262497,1.5155459146782357
14470013085430172903,10.028708133971291
11570663355774591155,2.4009163802978235
3679721667829709899,6.570532915360501
15945566508685464273,2.4009163802978235
14308667855167736001,1.5155459146782357
4480692321883610477,10.028708133971291
1341136021331280287,1.1428571428571428
18429570055289628886,2.4009163802978235
1889410854497165920,1.7945205479452053
6001961789001459732,3.4417077175697863
737742429173123362,3.4417077175697863
5299876180611600261,1.7945205479452053
2439583203791931326,3.4417077175697863
12570398846422915053,3.4417077175697863
11435181023585655355,3.4417077175697863
14531151609909875317,1.7945205479452053
6790352047403043854,6.570532915360501
9247508413757729234,1.7945205479452053
8526292245120401746,52.4
6464137069511312769,2.4009163802978235
14985607024283870894,1.5155459146782357
17462697021639515053,10.028708133971291
9716747749476397686,3.4417077175697863
8589244008580731378,1.1775280898876404
7265763685131412282,6.570532915360501
13162190912215593234,1.1775280898876404
10241524179068396065,1.5155459146782357
943697908240637426,1.1775280898876404
10180008394097512641,6.570532915360501
12378875764482869076,10.028708133971291
12609575921095989822,2.4009163802978235
15007685808742578511,6.570532915360501
10475727078906169513,3.4417077175697863
13257070966857182109,2.4009163802978235
1901999277624612211,3.4417077175697863
15678636929960320920,1.7945205479452053
5217532210914964967,3.4417077175697863
4375185657086891896,10.028708133971291
2242729575225077831,3.4417077175697863
9762917548420482360,10.028708133971291
4449017559207193199,52.4
11315991191085592372,1.7945205479452053
618229392381069627,6.570532915360501
15915535943185623381,3.4417077175697863
4814098548291703178,3.4417077175697863
375424285426553694,10.028708133971291
17202057061208824553,2.4009163802978235
2724666010142377029,2.4009163802978235
5872836723217957611,3.4417077175697863
6592000546814488542,2.4009163802978235
100806003885460899,6.570532915360501
4216851028752886948,1.5155459146782357
7820693904172760664,2.4009163802978235
591431790224110927,6.570532915360501
3595762858590096215,3.4417077175697863
18348265216767086780,2.4009163802978235
16293649443005276932,6.570532915360501
13699772450037105951,52.4
293822090170360913,2.4009163802978235
1382385770749665355,2.4009163802978235
4851965503884943550,1.7945205479452053
7690174311545339591,3.4417077175697863
5790006412017977261,1.7945205479452053
8373290511941513410,3.4417077175697863
9437278768815960075,2.4009163802978235
5606192507666052027,2.4009163802978235
17431567436151017304,1.5155459146782357
13778403012885142782,2.4009163802978235
17789956001768357631,6.570532915360501
9642005408759627169,3.4417077175697863
11696099487684810573,2.4009163802978235
5531373022943476926,2.4009163802978235
17427369759857269478,6.570532915360501
7332007794464669589,3.4417077175697863
1505626342688444624,10.028708133971291
14194025750542645885,1.5155459146782357
13487992794299779972,6.570532915360501
2864198715001199191,3.4417077175697863
11217972445106776159,10.028708133971291
17120511908767696487,10.028708133971291
7253502362668814879,2.4009163802978235
8957698300278181748,2.4009163802978235
11313532879772291217,1.7945205479452053
5804450475103323658,1.5155459146782357
8962811190966134307,1.5155459146782357
14677977045708324655,2.4009163802978235
10675553883684536865,10.028708133971291
7635477262231797052,1.5155459146782357
9021911849184547575,1.5155459146782357
6381888236969970353,10.028708133971291
8284814745337242975,2.4009163802978235
16031963964259191392,6.570532915360501
2938670690719835587,6.570532915360501
2673098548094691606,2.4009163802978235
13757715299898443399,3.4417077175697863
6922101103648232869,2.4009163802978235
16528287846176984735,3.4417077175697863
14091938816783367838,10.028708133971291
6325316994224657374,1.5155459146782357
926054140729034357,1.5155459146782357
15392423033620348170,2.4009163802978235
6760466754352055696,1.7945205479452053
3478141851684163345,1.7945205479452053
3804246183896092400,10.028708133971291
7669545249509359810,3.4417077175697863
14873496051371438231,2.4009163802978235
14737914618330968590,1.7945205479452053
5406628408729203179,1.7945205479452053
9165599623734267755,6.570532915360501
11161613320277155201,2.4009163802978235
6158671487415445814,2.4009163802978235
15351501751774520838,6.570532915360501
9306811654218281795,6.570532915360501
8502226167089800985,1.5155459146782357
14102179157773279881,6.570532915360501
14199208620550459852,10.028708133971291
8726710887396116948,1.5155459146782357
5065892761413322952,3.4417077175697863
1209539747734707646,2.4009163802978235
14633513300500258298,1.5155459146782357
4123547474748495725,10.028708133971291
4656547921517888894,2.4009163802978235
8271237500911866523,1.7945205479452053
3180237011025322321,2.4009163802978235
13526318875099861559,1.5155459146782357
11424803915299736132,1.7945205479452053
7144861813317058461,1.7945205479452053
10270820847443901987,3.4417077175697863
12791142673725577803,3.4417077175697863
14172495033989041646,2.4009163802978235
16721582987727532831,6.570532915360501
669688623827507294,10.028708133971291
16469245426670165404,2.4009163802978235
2031372697351106147,1.7945205479452053
8502677265768361775,10.028708133971291
1362125418590240028,2.4009163802978235
6112626601395371770,3.4417077175697863
1079669000590963360,2.4009163802978235
7435213959342604872,1.7945205479452053
3489181143590472231,2.4009163802978235
9939086107142314410,3.4417077175697863
10721375646544828116,10.028708133971291
4517763227247439691,35.525423728813564
14157212389613599846,52.4
9015533434621970661,35.525423728813564
16078758721003112308,2.4009163802978235
10066366135586774051,2.4009163802978235
17478333997764176162,6.570532915360501
16592802927459833155,3.4417077175697863
6507047212201143684,2.4009163802978235
2068142076729009845,6.570532915360501
16704142119030522265,2.4009163802978235
18158647179915786356,3.4417077175697863
6474636969513615162,1.1775280898876404
16329328126510120472,10.028708133971291
14914111100978057682,3.4417077175697863
3123528369964042404,3.4417077175697863
16796193026761706388,6.570532915360501
7277681181450027550,3.4417077175697863
14492612256781562708,10.028708133971291
17988000691974087390,2.4009163802978235
13224539246728156858,3.4417077175697863
4582315413720669576,1.1775280898876404
9644644833151751896,1.5155459146782357
5279371287851915860,3.4417077175697863
5943183652356766451,2.4009163802978235
13209866054188241332,1.7945205479452053
1187241559743869813,3.4417077175697863
12503544608841643249,1.1775280898876404
2616087171702092083,10.028708133971291
1169182665205475583,52.4
13692767756218937462,10.028708133971291
6041680801941308922,2.4009163802978235
18221535444422104682,1.7945205479452053
3501294702310794730,2.4009163802978235
8715657159705121655,1.1775280898876404
3471681067211892481,1.7945205479452053
814175294380759439,2.4009163802978235
7769571037157001485,1.5155459146782357
13904777710925002793,10.028708133971291
12698120626178787798,6.570532915360501
11620614660485506433,3.4417077175697863
16259787039954156514,2.4009163802978235
12964705460123532546,6.570532915360501
5097489789204820273,3.4417077175697863
3293233861143200909,3.4417077175697863
12459145051171834792,6.570532915360501
13163049052274949485,1.1775280898876404
2943613752730510285,3.4417077175697863
4167285894747599302,3.4417077175697863
5989009599989846246,2.4009163802978235
4868974503364837453,6.570532915360501
13880354744027833899,10.028708133971291
10684971523164505361,1.7945205479452053
17860613120075037916,10.028708133971291
16683346370955349828,10.028708133971291
16943921752050682566,3.4417077175697863
17066363331500623274,1.5155459146782357
7481497075639660287,2.4009163802978235
5564678133537414057,10.028708133971291
12331037746290168462,3.4417077175697863
18419583976057033136,1.5155459146782357
12239118234690442217,3.4417077175697863
5709823008922145398,52.4
11964236975574180212,3.4417077175697863
2344113627417379126,6.570532915360501
12573005374095742487,3.4417077175697863
16291136741268835608,1.1775280898876404
10844390230443872851,2.4009163802978235
12715946564810739500,2.4009163802978235
12561994743344013399,2.4009163802978235
1082985163778216102,1.7945205479452053
13906928329367541194,2.4009163802978235
5534722616232182253,1.5155459146782357
17099866658014121661,1.5155459146782357
11111208312624184368,3.4417077175697863
14325000755394830639,3.4417077175697863
8371493834475022932,3.4417077175697863
13359181435889033353,10.028708133971291
15233617869370138178,6.570532915360501
17917544134288795200,10.028708133971291
16628440138791397537,2.4009163802978235
5822684474600242139,10.028708133971291
7236969705006783426,1.5155459146782357
16034955905525115588,3.4417077175697863
5497219959091367232,6.570532915360501
9656063617720876264,1.5155459146782357
5422388413748473180,1.5155459146782357
6987142445492185170,2.4009163802978235
11140105133199471375,2.4009163802978235
16303939733082069115,6.570532915360501
1408631803530608089,6.570532915360501
12885730130114820532,3.4417077175697863
7405831705376664822,3.4417077175697863
11124285325955450880,1.5155459146782357
7187441411189439295,3.4417077175697863
4220044605625457744,3.4417077175697863
11299420401615824467,3.4417077175697863
6556520671597908526,2.4009163802978235
3275523669352804169,2.4009163802978235
6379182828467310578,10.028708133971291
14293635553820072978,1.5155459146782357
13637383556233452737,3.4417077175697863
11493434716163997996,2.4009163802978235
17122367192171225798,3.4417077175697863
15849769058523628891,3.4417077175697863
1612610787335761916,3.4417077175697863
120653533754155500,2.4009163802978235
13193364299755077083,2.4009163802978235
2975142130943723358,6.570532915360501
3315695795598377001,1.5155459146782357
8529089753835236414,3.4417077175697863
10593592069833839426,2.4009163802978235
7362856997443524698,2.4009163802978235
3072494122866749604,2.4009163802978235
15032581855161369478,2.4009163802978235
16492381187291947267,3.4417077175697863
10658709883441833666,3.4417077175697863
17498547069606860305,3.4417077175697863
13544891901119347599,3.4417077175697863
9223691514971112569,1.5155459146782357
14275148803028559914,3.4417077175697863
3027867279823809980,1.5155459146782357
440258192472558102,3.4417077175697863
17729077371854074899,3.4417077175697863
12983189647799310531,10.028708133971291
196020060203712499,1.5155459146782357
6581411273129187113,2.4009163802978235
686391848143935111,3.4417077175697863
5695004779405974628,35.525423728813564
3981941262679335092,10.028708133971291
6618900026724440414,3.4417077175697863
12749124848207254820,10.028708133971291
16353760341159640100,2.4009163802978235
12502877680357398973,3.4417077175697863
1996642603050574825,3.4417077175697863
14319150177066816098,3.4417077175697863
9935342050956165343,2.4009163802978235
3105294762684643386,3.4417077175697863
7245258323467228171,1.1775280898876404
14493478170222181887,6.570532915360501
7231487030778299756,3.4417077175697863
17424316755842863787,1.7945205479452053
6048672379620343379,6.570532915360501
8874107921619121971,2.4009163802978235
3798975556861652411,2.4009163802978235
5659821744448017138,3.4417077175697863
6607207494116356195,3.4417077175697863
14312805617128494349,1.1775280898876404
9364532600434358546,3.4417077175697863
956404261670689997,2.4009163802978235
14545817611419768076,3.4417077175697863
13865747141550024478,10.028708133971291
10255982769559582026,2.4009163802978235
1480557817231766273,2.4009163802978235
5317386002009816611,10.028708133971291
1306389865233569638,1.7945205479452053
697056546567441173,10.028708133971291
17524973806096451161,3.4417077175697863
5304348637350975056,2.4009163802978235
11997939559871779544,3.4417077175697863
10976489446176108000,2.4009163802978235
13651028841402237710,2.4009163802978235
125479260560314772,35.525423728813564
12873406961246267248,3.4417077175697863
16657074074193177099,3.4417077175697863
9001654398215915727,1.1428571428571428
11245694895916293975,6.570532915360501
11599426646256363056,1.7945205479452053
6599302745766276118,1.5155459146782357
1350979740332917611,2.4009163802978235
6438312933134713123,2.4009163802978235
15850840675411092296,1.7945205479452053
14355344808820591942,3.4417077175697863
12321491624919413576,35.525423728813564
1082276561786146485,2.4009163802978235
4284346238836765545,2.4009163802978235
2427794974867915448,3.4417077175697863
8760321949284960327,1.1775280898876404
7176407668130367460,3.4417077175697863
2225341030114778191,2.4009163802978235
13668253051733348751,2.4009163802978235
5080813636828168161,3.4417077175697863
4245442930409072327,1.7945205479452053
17305652308847129343,6.570532915360501
14573514632983684472,3.4417077175697863
15747876850569013740,2.4009163802978235
13454924877331804507,6.570532915360501
2501620904942221418,1.7945205479452053
7823246989907374072,3.4417077175697863
562136930012172389,3.4417077175697863
5154837042700215154,2.4009163802978235
11693903660983093049,1.7945205479452053
14136000840732541755,1.7945205479452053
3575860154437041250,2.4009163802978235
4246698600301258416,2.4009163802978235
9501565522706452881,1.7945205479452053
468667703442535396,2.4009163802978235
7881397028904204675,3.4417077175697863
14811333653133280821,1.7945205479452053
10579839954212677594,3.4417077175697863
12560728220718045670,1.5155459146782357
3326761831000136736,2.4009163802978235
3626950663264579764,10.028708133971291
12745600912263993432,1.7945205479452053
18019951091362365747,1.5155459146782357
4744919135843382280,1.5155459146782357
5170104350160857905,2.4009163802978235
16797454180131343317,2.4009163802978235
18179475045646470416,2.4009163802978235
17334118357194300531,1.5155459146782357
804991942172533432,1.7945205479452053
