ImageID,cluster
6119677716839104391,4
14802949761255250525,7
14124813423892560492,8
5482257461254211163,8
10081435122427592003,8
5061311136434187472,7
4958416638630567355,8
9021911849184547575,8
7879137831619105622,4
11301283022880292256,4
2482986803101084308,8
5557904799144361742,8
4906134811145591306,8
13255291466199807945,6
15772239429719824619,4
2916175739300112398,8
17036117858283710476,4
2257517101111337678,8
8955874342213678087,8
12901817071638607336,8
13571097998518312968,4
12197754767641080291,8
4368197064012183701,8
8565610481030993204,4
2610594974559026306,8
1453312082410740406,8
4930578460801027028,8
7726252359331514120,8
9539593687512498529,6
18074964933109873252,8
16524480890148777258,8
2822173471331530574,8
1863915739915229563,4
8172174123635381587,8
13852758152930042136,1
16186230723442775449,4
9730065085814348984,8
1258821349949363750,8
16463733558712462657,8
6952569277566731213,4
12791142673725577803,8
12282991218481043852,8
15333601458995638608,8
2638923818403806441,7
2025249689802100856,3
11158829398231542327,8
9593643566133306587,4
3123528369964042404,6
2229297445545243595,8
12808779107195514052,8
13735509822956982940,4
2045797967269461543,8
4402835139618994230,4
3357427581749319956,8
15014262255253157245,8
8324934697104179438,4
14243278788929986312,8
16653590050133239437,4
12503544608841643249,8
11791942462951058547,8
15933307988880993654,8
14946408090583899092,4
7250803019100265522,8
3993651850292752630,8
10684971523164505361,8
11094136386290599833,8
16329328126510120472,3
11598555010896960401,8
13880354744027833899,8
2569784127015142204,7
6466033156322077818,8
10327726065195715462,4
17202057061208824553,7
5184770856301135875,8
13554796294275223442,8
11599426646256363056,8
8433169429644591234,8
11050755043080921013,8
1112314673478359952,8
12931317833195558370,4
2598126596815446008,8
17105159711826496736,8
6356456612271404217,8
15380059299212833141,8
11711123445342193408,7
11809954950255382587,8
9406016220595350435,8
9097080240828249151,8
8003877745086405370,4
16574038186631444668,8
9181705565636133571,8
5709823008922145398,3
13583742609441451799,7
351122476443392576,4
6581411273129187113,4
13865747141550024478,3
14131088454697266015,8
8830607752858154899,4
9360044252150152476,8
12356694715351174590,8
7413560489702501286,8
10893956183265120408,8
13163049052274949485,8
16056390530546068114,8
5793875856278101412,8
9888752993132991649,8
154284345046005641,4
11479371178888963477,8
3795213040335330176,8
5634082806415916488,8
3180550044535127633,7
16724984885982884949,8
5002972119370492964,4
2313579475085018079,7
10108858518974202889,4
6460586498618425095,6
14521324226594075345,8
1950825183392606990,3
18035910787504506,4
5444276709101999057,6
8670328374389149860,4
11202905351109630697,4
1242042051469008189,8
3967221568303766160,8
3243734133251632447,7
1306137474826659607,6
120653533754155500,8
14091938816783367838,8
10792876355891825580,8
13639274117956591534,4
2850595053200135485,7
9949535053986008875,8
11047962905646758571,8
1268126512589097632,8
14129632345426102790,8
9015533434621970661,8
12897457947012239070,8
4371937631052350241,1
12980219967268439695,8
10073374695675195041,8
7080768953067538394,4
17858218421429134817,8
4216851028752886948,8
10841011144092027625,8
8373290511941513410,8
1751049694890239096,4
6511058074653680575,4
2701729828864608442,8
13622767994714842404,4
3471817784111545369,8
913350279723007072,8
17124648226500433893,8
719906686005858408,8
9174245236015708463,4
16072691376285215831,4
5317386002009816611,8
5050095081409705624,8
4181133442904104116,7
10565870083030058508,3
618229392381069627,8
13695121048481679569,6
15482324541248406735,8
5974067749682540106,8
17039046428636408228,8
10499759174967122584,8
9056634895029043119,7
15418814166513088195,8
419114738575226671,8
14902273143647350692,8
2904959253750193102,4
2989502728935528189,8
17425248002674890190,7
17136117347918320917,8
4187609523709397370,8
8436756731128414393,7
3501294702310794730,8
5578461726951290385,4
6001961789001459732,8
5621547068024082198,7
8951477458262415517,8
12786905506951836022,8
7929223439606313722,8
12900718988338133152,8
12483684826548131086,4
987970173090111449,7
14825923331924945211,4
15152286211090665877,8
14340458520245263881,7
9501565522706452881,8
17819264440466067763,8
5594166519015584175,4
8039037441876028837,3
12441270494832473534,8
7393238925671638306,4
7489741772331704664,8
16518695842738385797,4
10034419136200140977,8
14956518698861016093,8
11620614660485506433,8
8271396729736711015,8
4764288853396933913,4
17296528507103471118,7
15739401010473791528,8
16580494600986232015,7
8957083220716267188,4
11310022555725185616,4
7536497400775270496,8
11111208312624184368,8
8760835317496463442,4
7152689370745454847,4
9238572463688237724,6
5695004779405974628,8
6438312933134713123,7
12570398846422915053,8
7481497075639660287,8
15853999350560378501,8
4220044605625457744,8
12599858727683069643,4
18248436183714582090,8
14009972445053341356,8
1082276561786146485,4
15742639515389762123,8
14355344808820591942,6
13213915085401404490,8
2325864797527003890,4
14586144722971078130,7
9214807330406718483,3
6618570711824458254,4
1116386293012085389,3
4620353556217000114,8
17069201491068825699,4
14531151609909875317,8
9655484227814894919,8
3027867279823809980,8
8386556888618129915,4
17269052790355013161,3
16485674251009161095,8
16683346370955349828,3
7982454112147078053,8
3895006403275983014,8
5170104350160857905,4
5550390134871848123,6
4238828504351731712,8
16709594930448937194,8
730005773272183781,8
17977423037112333066,4
1875111756972463847,4
13565907153840090809,8
3886678293703687254,8
513157105254623320,4
566567535803591966,8
6966728532260011880,4
5717503026522312809,8
10010155418188857529,8
17059628620973811686,8
6380932857582636203,8
17852014667831633039,4
6740891766742620298,8
9521290638390631886,8
6336117495900853565,4
750164702306993685,8
9694392744493244899,8
12115868830672941514,8
900234926410044505,4
17524973806096451161,8
6646315855972168497,8
8284814745337242975,7
8932323864832229837,4
5804450475103323658,8
10224676118869403541,4
6325316994224657374,4
13526318875099861559,8
12480674105423448255,4
14194025750542645885,8
7392762694154419318,8
17867328775591262471,4
943697908240637426,4
2739512928225987008,8
10589603962078058461,8
930467621819484201,6
9884488254661299505,6
16975447079391308473,8
12283157579399717585,6
9417961865601725741,8
16528287846176984735,8
7943082702441846306,8
10168355229603548013,8
5038462977549668462,4
10674066686483520190,4
16552886016124456905,8
2399861695124642831,3
4657127362392138269,8
4130488188257510925,8
12442746614238530984,8
15703954156775441797,8
528300823321994080,8
10643664779809240782,4
14312805617128494349,8
1806958453767246853,8
9579076472964857108,6
125479260560314772,8
10454090842649163417,8
13945857786775925056,6
2297767631048115868,7
1473246003002457651,3
15896853397104248049,1
6124338552908306381,4
3379583325073697406,8
5802870010723771419,6
13717336742130924444,7
17382506760362159829,8
407189111992294848,8
17937027975245895916,8
14412347593056357505,4
12964705460123532546,8
16516271879296385753,8
12275593183925834831,4
16028947054513613786,8
9542671382113390220,4
7769571037157001485,8
8102723125428921638,3
14782104304552950830,4
230004385727211977,7
5876032785364749916,8
2332490184507696377,6
14576396651490455881,8
13558923591769591553,3
9165944879737108509,4
13778403012885142782,4
4237685746205380153,8
13189834239326455491,8
4431145541053116844,4
15871782002220462006,8
12745600912263993432,8
16600387440305058271,8
16631798992338511074,4
3478141851684163345,8
2828868974225801202,4
286728053717291059,8
8290333995674250242,8
253763439168767252,7
480214264378105954,6
11422201562188641805,8
4994308974536268034,4
498150110095778126,8
3849960133128579498,8
8491112222496259260,8
4325237526615898353,4
2031839971099595066,8
3924638339823368503,8
15903973777542971558,7
2969285140175107808,8
9313527802721613752,4
5877638524073945959,4
12990796784439855978,4
3038756554778581795,4
1382385770749665355,4
12942762636427326193,8
16347824647512645377,8
9735755250005706735,8
11888590959809564467,8
14039562103418055973,8
8331455434547962301,3
15032581855161369478,4
7536458804653138153,8
4644674740616539583,8
12286703123617879847,8
1861311219309208973,8
4474074537124114232,8
7144861813317058461,8
11088331091637739736,8
15307492862635004946,7
7558478327376186099,8
16881873690409210766,8
9762917548420482360,3
14677977045708324655,4
1821858193906397522,8
16522566868030616972,8
5953624146645793177,3
4415438701740707222,8
12983327418930299915,4
6791780080029564350,8
2848488201678503456,6
5238994622033362062,6
7860474449687203076,8
11357952081426144531,1
504869444123153451,4
7017605756412474724,1
3464894044454106687,8
16745170875177286875,8
1182976307059288905,8
4204771479111320238,4
1071434776534258354,8
18247269783350623016,7
5872836723217957611,8
687097888574164795,8
11194007119631353729,6
10270820847443901987,8
7053765646861989866,8
1420167460010044414,8
8254030139065847139,8
15950531563055988888,8
13987861415994454172,8
9231692064568552022,8
3275523669352804169,8
426659697935032632,8
2573261364583983976,4
4744100925862716884,8
17346559187777185336,8
16551750439037160439,1
122242516339706271,1
4903656544869565612,7
12953892865015065757,8
796654663941535986,8
7129729661507006721,7
8760256047972639245,8
7543333850951118310,3
10137013040634915218,4
5097489789204820273,6
17518670591540312147,8
2343899442700193473,8
14238713486319936825,8
4765884561666929805,8
15542189282964716386,4
796818516880739213,4
18168721147754752755,6
18189854104585367367,8
9600220504262706259,8
565932379929721503,8
13592767346173755385,6
9547687029188263515,4
17704566504903929321,8
14573514632983684472,1
8292521320222496402,4
2938649719633521532,8
2769399647723426769,4
18325966871593037091,4
13637383556233452737,6
9886448094858765980,8
11967168189027098923,8
120955349812750806,8
10026971377870927329,8
5978815557277971514,8
15010306241571464021,8
3129186281568865713,6
8423940755038037223,4
16534787040461240036,8
16303939733082069115,6
6927098452663023852,8
436514297076310147,3
15587088835320496818,6
4952354108937565349,4
6884874407896902403,8
471506697396258435,4
14970296634310296843,8
6314457533775617157,8
697056546567441173,3
15713746639945405068,8
1597589744792049737,8
2405711938088756473,4
6701345990960273210,3
12645428657397165838,7
4089238374847948178,7
12190683869656423624,8
2366951894119274141,6
6892328191233797785,8
2868183102857900354,8
16834609948051030466,8
18295135436393546342,4
8149848137032773702,8
5290667493942423233,4
4262875718261455071,8
16578699589789070141,4
5232297699116252025,8
11913181121041795220,8
8529089753835236414,8
96055145693410156,4
300007672501281935,8
9796105146028118860,1
8657821179797182909,8
17392720872779623722,7
10236523786069872317,3
5878422864339219468,4
11313420932034083545,8
526067242247637048,8
3839213710458056847,8
12998520220097806359,8
17112642914500835370,8
7245258323467228171,8
4483719290797218464,3
12747435630703804371,8
460691566323310995,4
4129894399719845907,8
14108995904067070380,8
16949501897722708449,8
13673270012363628805,8
7008245565339479172,8
9598336090702663540,1
3595762858590096215,8
12208986852375592013,3
18376311662081060449,6
13544891901119347599,6
5037068640724060094,8
2428867279109776795,8
11617682588283654031,8
5810819831775078014,8
3752918968099505424,4
15475369896046285595,6
13374046781871015102,1
3797559305864514393,8
12860126285971430605,6
11879882618615493477,8
17910742327691025476,8
1157809488279077623,4
9962171029342103198,8
725056905723492869,4
10593592069833839426,4
1848791089217873290,8
11110883974380597567,8
15907972625461231955,8
6199312874368858814,8
956404261670689997,4
7807413941115157530,8
7853074422761152932,4
5086522166501459092,8
7523912302710080592,4
12337213940581063557,4
7094451913427080840,4
3471681067211892481,7
10156205338923399277,4
3374128070753504878,4
2993155176988943067,4
3765088132202415867,8
9341219008831684460,8
562136930012172389,8
2709828665911301637,8
18281762773018330862,8
17281937726608907879,8
8931639379714520112,8
6379182828467310578,4
11030858451879485908,4
7064827183227119772,8
181684796358752815,8
7181706262562241668,4
11368242592644871649,3
9128793561773045131,8
6118170296872968775,6
11111317131595127300,7
14172495033989041646,8
11555920723492393504,7
10076324633204084595,8
2938670690719835587,8
5711910338755450441,4
10769092019676523314,4
2924328855628448768,8
16735980755506911281,8
13429330773663262573,8
93133942224423665,8
3271587475890470544,4
5476051848855183281,3
4211612776764155647,8
5065892761413322952,8
4391120351416560074,8
7526080262147380158,4
15492055511932979507,4
11322587620235841917,7
3394246914145950485,8
8504173173307060493,8
2750738647023645156,8
7108750706013281268,7
12873406961246267248,8
2730246718901650275,4
13741615079899469599,8
18187371849543945972,4
6722903222903014295,6
8464176084820668324,8
8288442408367124376,8
1373042629855204652,8
4246694084243150473,6
11738274705021639860,4
7362856997443524698,4
17047722483742719133,8
8109623087599408723,8
4812279749195210147,8
14372599001576912449,8
2561785056942010417,8
15211788767718316084,6
3145067268669635664,8
2443977389030294725,4
4561774108097863271,8
5455058455867729771,8
6103357533871257721,4
13180646545927041029,8
6248811138235272818,3
8315121739134598806,8
15295385993348591939,8
14774143788962000789,8
16799146693585895783,4
2900548405419746933,8
4614280540071092657,8
10052354173489468794,8
5790006412017977261,7
10239392742488873425,8
9452501183141796503,8
11315991191085592372,8
6819923773371912569,8
9819901377985444389,8
8453363093744180762,8
14562240355074149183,8
8726710887396116948,4
1136431182422403734,8
4419592170594694336,4
1455541923454421209,8
10906041081221340913,1
7012232369429343316,7
1169182665205475583,3
3124748784093506084,8
2724666010142377029,4
14784302109912718271,8
6476921803551809553,4
8030553191626051949,8
1037567489359475910,8
9483720236569009187,8
8636701429771719915,8
16863038173142479182,4
14373068643943304278,4
6268082531452872448,8
16208311989040577595,8
16248855085028527004,6
5005962051673640626,8
10442868337425228728,8
12870301993372785998,6
13315494887887985026,8
14388005796201274463,4
2629693746945374402,1
12359431006053298250,4
4085060593638238679,8
10844390230443872851,4
13423845129930452175,8
1412304543988079219,4
1037471624946966865,7
1996642603050574825,6
10419942069842596528,8
13409896401550352532,8
12996318645671853501,8
1341136021331280287,7
10691604834639557758,4
14937211484384500239,8
13715523730533393541,8
52820421859367909,8
4882327159563753479,8
15722318889989442904,7
16034155590191433554,4
290962742673055464,1
3641650470964892831,8
6492844895985535960,4
8347833432393331436,8
9186278081842262497,4
14835344579435324639,1
12033201083383841727,8
16797454180131343317,4
6277889960383746301,8
16406922084604015288,8
7845823918197331876,8
11321611799438939637,4
6021112993844169726,8
17634304322317853770,8
18311533343601338251,8
897436296147056521,4
1541154068633308790,8
18444951454197947612,3
3465893021158367789,8
265730827757678812,6
15356373878268866003,8
1313083356731197732,8
6556520671597908526,4
8952536124125316794,8
13810772507884162149,8
18352224210360304697,8
1889410854497165920,8
14873496051371438231,4
13193364299755077083,8
9659244835144993206,4
3804373182872425732,8
14308667855167736001,8
13803264345997616284,8
711017114225574761,8
6041680801941308922,4
8659065531882048189,8
5220501491554755316,8
2407574210469530010,8
12244413764412720810,8
16776747700541027739,4
11497937557094843329,8
16837804558932125557,4
10906536107465117625,8
1699357724412584984,4
16497363589291018479,8
2673098548094691606,4
6174065586261119919,3
10390052858865117417,4
9343582315334699685,4
1278855921483931557,8
170221114225147889,8
11396154944579471936,4
17533349949807211794,6
17004714541843675543,8
14573280229420441046,4
13188644659143318844,8
14334417303934119011,6
7912836567495754725,8
17367899869925066806,8
11483262442075923883,4
4993269061983878074,8
7187441411189439295,8
17290890399878580977,4
1901999277624612211,8
4819531831435310398,4
9426673837361379694,8
16155036586872034584,7
14149295966180928494,7
7413755519048377260,8
18124215728773306964,8
14666708626552833042,8
15750206191381598136,8
6987142445492185170,4
16689571334775308582,6
588494338106673869,8
909879515294457045,7
1792773749031263120,8
1490497412170057466,8
18179475045646470416,4
8385000480720064392,8
1256793496753044332,4
6347163558574150111,4
6976613050987343212,1
11399237535927739966,4
14573883420252720351,8
12825435631785292006,8
12793167398015043845,6
17775422309105642734,8
7021674837036946902,8
17506716258665697176,8
17219772524559379280,7
16761349276315689727,8
8754064221132610220,4
9012906379711983914,8
11706259681239799073,4
16862856317339348888,8
1563399331744812640,8
13588341113486355629,8
16034955905525115588,8
3208776243093252194,4
4158772712176370146,8
16002639211069954532,8
5584189121070882393,7
14294158361457016705,6
1033272544384259020,8
7881397028904204675,8
13357887802719671842,8
1832293206044593063,4
9351398938098645203,1
3507263983413665223,8
1543792562557686356,8
7630201461892362004,8
8271237500911866523,8
9080311622185536573,8
9481866841925199238,8
12024767974407931599,8
10091798092201137757,8
14319150177066816098,8
12510658871511723811,8
13297075007985218544,8
16440118593879806089,7
1704850098295656934,8
13000485117227249830,8
4042491761205907144,4
13620620552044129209,7
13699772450037105951,3
4360111985048084608,4
5436724895366369293,4
12987643373710549159,8
4574566341149277826,8
4486067467317150000,8
4941400716864130259,4
10245396218064258564,8
5462223944711966570,8
13667203682340987799,6
16943921752050682566,6
15428489750229491532,6
11470480238124838199,6
9810838604893364196,4
1066676411018271766,4
5484599098285248518,3
10068012896430905207,4
2717862976698570182,7
4209780144802555174,7
8263088523586177689,8
6837793402585860308,8
2352571018022910723,8
5153598803887790177,8
14068958142720419651,1
7441309077290794782,4
1350979740332917611,8
6475215093998840989,4
17095590482926512676,8
3241987831815261771,4
5179530354049986667,8
12610571015519499516,4
11205644469166030718,8
13805141168495648278,8
1441187268272350799,8
4508232563996210306,8
11974556573006386660,8
9834972443896695184,8
11353805114495240458,8
13851339848667311381,3
6118761987001245380,8
7077286978946490321,7
15753035480842379920,7
18158647179915786356,6
17471046855131083038,8
5279371287851915860,6
4824853144333213008,4
11964236975574180212,8
4302208918855472810,8
7080771352221183170,4
5872830711570976933,4
2007307559682453073,8
16913038312888980605,4
10077531788404171955,8
8941931303959914751,4
3001172154752244016,4
1724235562434762177,8
14804871600879534479,8
15025478245246553525,3
5099171991200468903,3
13375139145803720065,8
3326761831000136736,8
4500822198600690651,4
1187241559743869813,8
8269802364554518783,8
92850473685996574,8
1297640199759580981,8
14897036403382014465,8
11424803915299736132,8
15585551411098703061,1
7383187388537999425,8
4680149909212987375,8
11296663714542220389,8
2930657593158534477,3
6769561179529148344,4
4552566088381965127,8
4246698600301258416,8
6341481928631994447,8
221193017570126229,4
5488512942017877704,6
11435181023585655355,8
5080813636828168161,6
3782957444134732660,7
2657806636856045621,4
9942961759183617837,4
9657662493058959858,8
3058740308882777616,8
5304348637350975056,4
851490798994421960,8
1767199955362179921,8
10687233539926835460,8
12666363354102518700,4
4668006088449586240,1
1073935902098644701,3
14325000755394830639,8
1587323288133401238,6
11140105133199471375,8
14273342924912254880,4
17286353071782444852,8
9078219100141477018,8
11999618417699427738,8
3400307434911303780,4
10178552569969309793,8
2373226713079084265,8
6464137069511312769,8
8287387824463425471,4
9425992350178821193,8
2686722809869893595,8
3667390544045063696,8
6414709243900314459,6
3745365604979242343,8
7121069202406313100,7
7096532267840002088,4
4582315413720669576,4
3075569100907174765,8
2405164778349066658,8
1079669000590963360,7
2416837954302229078,8
10517004651796028679,8
360387477899682364,8
11508354802340356506,1
16592762137412826104,4
13101485815148795777,4
1998598879626076185,8
11680301514183716252,6
15637316936245518125,6
1503594843271355233,8
15329360345373035200,8
14846801321918264045,6
2891548365505915190,6
1519695048939856393,8
11554350345589565670,8
890739496614352734,8
14883321603690779563,6
14664268413106814518,6
15748629070704934607,4
1334838097417004296,1
2448201211348365141,4
666784094547308947,8
4244355589375708693,4
757926436157850573,4
15685522117356140113,4
17309736579540098298,4
683334512492051338,4
18429570055289628886,4
2610374249744027988,7
17347631358345407980,8
5848104149913372498,3
7253131049787130051,8
4870346096200992252,4
13532735944088893187,4
7245382200468302988,4
10976489446176108000,4
15977397154488452352,8
15247366081589207175,8
13654079224450191963,8
5856083452322781078,8
10350784365160863566,8
870913745001588422,4
10831511439934288249,4
9364532600434358546,6
7727040543679271120,4
11308287576737463137,4
11454186441060468207,8
16794773707260414292,4
17066363331500623274,8
6466690377970926315,8
3115131244831757541,8
15467357398555530809,8
16176784046997266555,4
14965513954805179901,7
5822616129601762163,4
8189261591248036731,8
16492381187291947267,6
17097528251260136586,8
6061899783567667272,8
6709154101777055025,8
288398525940784654,4
16628440138791397537,8
8623781616530491365,4
11201709417105563149,8
12027252483198461849,4
15416198513729662854,8
14384856085517070358,4
5115905372582335150,8
686391848143935111,8
17271974251922458516,8
1023327535070136989,7
17219972001266495181,3
3897869488977057808,8
7471493474526371100,8
14188096594654630302,8
16994165417686237230,8
15551328389257912901,7
14517464333634309792,8
8786105325016016427,8
9715584069494886965,7
6254830911583912740,8
5339354584486019302,7
1425309883016142702,4
404577835804339156,4
3798975556861652411,4
15599980680115230176,8
9076997693203206345,4
1209539747734707646,4
5785611543837199028,3
3072494122866749604,8
16801535918277698725,4
6585236628833357468,7
10321617037000281835,1
10002672813921613015,6
10255982769559582026,4
12371542879062927738,4
12497820566211793159,8
17151460473633133843,4
16721207596536859192,8
6655831389321081269,1
16061828387037386927,8
16078758721003112308,8
14016659377439774721,4
10908519449825267514,4
773037666286638884,4
16592101051461346004,3
6606780436484746965,8
16515029693595504869,8
12445189520536098388,3
367006227615889139,8
5968317494951086504,4
12239118234690442217,8
9644644833151751896,8
8898296354341732813,1
7658298817471280031,8
15529269308811042713,4
4631497873507082562,7
2679391325890811688,1
2310965222745007810,3
7256423365997672092,4
13155610386482068810,8
240773757587674529,4
15148206418611626042,1
4581659020499065095,8
17504874758080650960,8
5579048467332401683,8
6680144225550318983,8
9300789224516808098,7
14007640644408569407,4
2766950578991773223,4
8476024608065052521,3
3323291192355758555,8
7916873495750030283,8
5697382241313143128,6
16044528354313328080,8
14293635553820072978,8
4288955810838243556,8
14862632864033291595,4
2036507249198833630,8
17618373034858309094,7
1106589424885202630,8
2843587668424218867,4
6476247376985100987,4
7920215758539242081,8
13811675474225306280,8
13209866054188241332,8
11292130021298430533,8
14936954362731732171,8
3370149683523492009,8
6900169683567711337,8
468667703442535396,8
886866568339155831,1
8733602798063566484,8
16031963964259191392,8
4666184349776131081,8
5531373022943476926,8
7052882684292661822,8
4105207542844419259,8
17462697021639515053,8
10242665334804155502,4
1830687936889241790,8
15948241923873741882,4
10768442511370207328,4
14539088499793528572,8
15597532409425089518,1
3010018501445864454,8
13883310992637286090,8
15143026905417778275,6
14469850917467116489,8
18040892363675719739,7
15849769058523628891,6
2769780956805169234,8
13165067728704770948,7
11299420401615824467,8
705344221548922125,8
2943613752730510285,6
15050789177662334843,8
17824238131192524551,8
15363661417119888122,8
14479062640334769331,8
1506918803007269561,4
17988000691974087390,8
4113237541748422691,8
5312239213277205442,6
11217999735987482124,6
4929903361970610464,8
16099776478756056735,8
4112691716919482704,1
16407191163245327718,8
7272594837237151738,8
14537823230235536782,7
3390813726863184411,6
17003786933452212910,8
219208226947410435,4
5154837042700215154,4
2989656811285712418,7
13201914188635956939,8
1184409064161825245,4
14214030621822687863,7
8170422642826468529,8
13553339303743950441,8
8265835489385247460,8
16774144445586096897,8
256915543720001161,8
6381888236969970353,8
11698561108703796820,8
16159266503413934208,8
17354858289495470349,4
9749394677207472296,1
667021095985659649,6
2487735690591812407,8
6505731143943123404,8
15392791817412355717,4
10536134137053835517,4
8178320837272709527,8
15638321715704426221,4
2506383480557688499,8
15294538175453107318,8
16721582987727532831,8
17044289989856799009,8
609221492314629032,1
9080726280888296121,4
825346763454219780,8
3933978293487164728,7
2329183049467958152,8
804991942172533432,8
5439907590077053517,4
7224530831972032793,4
6685201620487759955,3
3794543568391124528,8
12331037746290168462,8
9001654398215915727,7
5261385567604642759,6
3773295991320287504,8
6186683772021701631,3
8488995294079842468,7
15816442144271757524,8
11635629443426982286,8
16946108665004921272,4
16912900175639018441,4
9393386002875706029,8
16334448228484806649,8
9429482219882891186,4
4807777792439494368,4
361009850506440089,4
1423837940293007433,4
17188623746839196193,3
8794508667264471469,8
8456494003577222325,6
7682596807437363506,4
1323450068796661634,6
14612705890207745237,4
6666233922924855804,8
9015890249972456042,8
3789305745955266600,8
2751610968975659910,7
10805202681994114703,8
14195798012845331768,4
842114723261737387,8
9911585118205289541,7
5871897016276227742,8
9247508413757729234,4
10306511373893366731,4
5699076172906321703,8
15804162225675384801,4
611912665747204542,8
15458876101223422182,8
424753787163772705,8
9874620756202172207,8
17676600416880246756,8
2876235820232182790,4
4958510500078331546,8
14945575066112266321,8
17830266055347647734,8
3281367624645276508,4
10475727078906169513,8
3970059914302305899,8
11678115472522884565,8
8626919106335811260,7
9204787878529628107,1
692731771145079725,8
4446015701837666826,7
13257070966857182109,7
16918567785944776929,7
6112626601395371770,8
10084799956394655609,4
6143492333315282877,8
4567922168099504125,4
1580088864944383124,8
12609575921095989822,8
970270411392862161,4
14136000840732541755,8
7469474529495045061,7
11034645054276593416,4
15943439350242826705,8
5706426556863304555,4
8143767864862167301,3
5426385402093454993,8
10336310008021883633,8
7253502362668814879,4
7985859643411065363,8
15915535943185623381,8
16117717981750949679,8
5437616916976059215,4
7064975454876812311,8
17996622379065122181,8
15122967120777118148,4
10756357836696331644,4
6565464228970292871,3
3123521601126667264,4
11246374559655855196,8
11492318584897802392,8
6507047212201143684,8
1202109163688406819,7
1639081321752772370,6
7535909112528197741,8
5590411887390555641,4
7208335951016517235,1
15725300737366598831,4
16568081108131014074,4
11493434716163997996,4
13280934050089943930,8
8459071315082196712,4
17171386208591459805,8
6440289355233621649,8
13190210944673948199,8
17337358527750075146,4
7784648846559701848,8
3785149452428043014,8
1514203568050808412,4
2192087222175443480,4
16074236703419635755,4
11562725430992816467,8
10518649623377477005,8
4690616107490263808,8
7466995998899606044,7
16975359915160980526,8
8927738229600327538,8
8820688856910199595,8
14811333653133280821,4
4578145752006919799,3
4833419456096407485,8
1640061290881455486,8
11100966859069444291,4
18210438813455148110,8
363702325510837166,4
16186074485557840978,4
7755741393383012221,6
10662989970849518873,4
4375185657086891896,3
754656795991677790,4
13232656890039698872,3
1802113137691341726,8
17571961338055904308,8
12573005374095742487,8
4862749460869001676,4
8487802504981033790,8
1388473780566419421,8
12620560318230596214,4
10056460102671532115,7
16348893486955838155,4
10128616360973218654,8
8062123671151004475,4
5277240176693473632,4
16906560398154460263,8
12777487760170484796,8
5747990736762747,4
15458322071880038961,4
5368662136571660399,4
12322300221778411806,8
2408445080222653288,8
18294752017157366795,8
3444918934044177940,1
3481371138197900395,8
5659821744448017138,8
15014699568467016340,4
5586131146599473821,4
12705854121638553714,8
16637029836905745616,6
12900325207421115598,8
18102797313408292229,4
14746934902277713627,8
814175294380759439,7
4041690966775329746,8
3904582815461432169,8
16967784380283799109,8
2831871842964514151,1
5693082825320630984,7
12378875764482869076,8
12310882289807353695,4
2925368302576164562,8
196534143991321267,8
7170954801865985379,8
1211998246551661794,8
546554501200843608,8
13757715299898443399,8
15507101762549755377,8
3665916994727894679,8
10034701355458161374,8
14157150987876435157,8
14453242490429430645,8
16472003381815097179,8
17423818602290427937,4
3883497682974355288,8
4230599930258660259,4
9298176423949979630,8
11742705014045574459,8
8517755502285399429,8
13942983147146993161,4
15522451417073347050,6
4525410663521352849,8
14914111100978057682,8
5537075733082245238,8
8775573793841925724,8
6535486126964616835,4
1513777541699915970,4
12186091637235754298,4
18294685182522193285,6
17690121051886059332,4
15570275905045009701,8
861042075772351148,8
15732834945423167468,4
14305632646141746921,8
2643498749595270240,8
3452085392185048708,4
2616087171702092083,8
12284410081245398558,8
12787544776932184496,4
16393225677418804305,4
15024823816928780513,8
12028043863387315929,8
17729077371854074899,8
18348265216767086780,8
6428933862222283799,4
681299423853362234,8
13761674305823005859,8
16480705929931036806,8
10595525119081236866,8
16776739012545938506,8
13040276497483783206,7
18107773262113462292,4
9200560742973554379,6
3411283134482760468,4
3984297108000898829,4
4353340198087928688,4
16224303987435773920,8
6755599250740472973,3
6549380159740124189,4
3524547641172341019,4
10553810828799731487,8
12087558539825308363,3
16469245426670165404,4
15731307064305979325,8
9952684265502224653,8
14686376860674270156,4
15758872543590403820,4
10170168169782848403,8
8354139878339409714,8
392355668889479137,4
14297372856313550996,8
12620061530851198721,7
9231417090891552606,8
3926581287077447173,4
10283407200477528150,6
4449017559207193199,3
18231618151558915640,8
15114000782531962557,8
2245844356519084722,8
10420373631994282979,4
10631071432966605057,4
5076827824617008480,8
8697118948247109360,4
14393638660136207666,8
14809297529422955602,4
12431293811311601308,8
8626981391432756412,8
8874107921619121971,4
6039753233577812806,8
15478200071017185003,4
7909302268987254561,8
6541938255921393503,4
6725179599129254276,7
4712582023055976366,8
7655386616098994196,8
16657074074193177099,8
11114339018671136279,4
9464354099902763517,8
11338098773237743237,8
6094683008692291021,7
15054386715540535933,8
10318131938049166526,4
8763762617272459988,8
5401915050264636928,8
8554239456719682433,4
1965423127976195156,8
9935342050956165343,4
5741473062504466742,4
15655647274084769910,8
17820599319247461780,7
8836495661734523416,8
10471080189865088907,8
7300248492517750044,8
225516857359137977,4
13002581546063157269,8
13701706385213083370,4
16267550403570766814,8
13630314112869504935,8
14737914618330968590,8
3655386601943737573,8
10693935720611251430,8
8105343089021961411,4
6448039391866718593,8
6558907174290730244,8
15404609854068468158,4
12043723861404422932,4
14976864908417806624,8
4204433861432270255,8
3551775718107122843,8
15704545173194932114,4
6128375569897922057,8
8447288297366167655,4
3400431991933478223,4
17172501526020753224,4
5448237745132577278,8
14019931904176715896,8
12335902963869997160,8
1879916069548088294,7
10698144144948581420,8
17028383996147220902,8
12549079103310200490,8
18328189781108905339,3
10985160311554524168,7
16592802927459833155,6
5092289703175042353,6
13732572134498321296,8
1132763156359098799,4
2138640836273235629,8
8512399830744403644,8
12180532909584443170,8
6960637327871407614,3
5943183652356766451,8
12755571193643798546,8
16141798881628445261,8
7442400343830426978,8
14950383042883884037,8
2299735422577179299,4
2524777635307478526,3
12917776338282701249,8
10278113267196501966,4
9437278768815960075,8
5299876180611600261,8
10068658462201421253,8
5696380139291274805,4
1129507680009955549,8
15340115785035529225,8
3528637533517507430,6
2751263201169802903,8
15455039724947025996,4
7039025129510709403,4
12834309730267885312,8
2778140720243098741,3
1335802119386644609,4
17446325025894774356,4
9326654427034819367,8
18237777484368525727,4
15392423033620348170,4
14366679004947480702,8
15344670714433956622,8
8855796613301181443,8
1461699196221936164,4
9423428488242469971,8
7596636898329600200,3
9846965279567593976,3
8997503232571645656,8
8413667147306870290,8
14052559293328317208,1
11156688332191204127,8
7018027738806498233,4
4874510013203979414,8
15344646523075096540,4
17498547069606860305,1
12528950493520565905,4
7183553355278606412,4
5535144346560707254,8
17815013564661878299,8
11846852431999222237,4
13472053400746735129,8
6760466754352055696,8
16959459183200873917,4
12768445745318463681,8
6351144394054872496,7
2242729575225077831,8
9949380736406667469,4
14045499315997237524,8
558528032335564811,4
1916028424070594560,8
14506051603799654149,8
12592868654096756982,8
12872993370145219066,8
1677325701678041685,8
7309729681057214258,3
14652342528123747940,8
1479355700075648315,4
10867601690216522713,8
1326005394881772158,6
12192708913345900636,8
6135173236296804098,8
10658709883441833666,6
4376735585474119733,8
3583315996633062423,4
8838596089287095910,8
12571732621871016433,6
10410941162518443751,8
17478554714968147208,8
9716747749476397686,6
15499068900157423859,6
13387663106480505239,6
8435722751652918341,4
1363720886315936240,8
14401782931810505720,8
5224188627817910892,4
2087130243055272255,8
14156912929534946198,8
667297056129017850,8
6599302745766276118,8
2549750931364169923,7
18019951091362365747,8
824267298301107060,6
10125178128659440683,4
1761535391915254486,8
12710236979888213504,8
6592000546814488542,4
10214268591228665385,4
6474636969513615162,8
8631232568667473751,8
2247296692369490103,4
2078354433595737306,8
12074279300854536757,8
17212279466135196434,8
10817861733278454240,8
4245442930409072327,8
4158578655165217156,8
2627820526020257657,4
8185962081828841625,3
1082985163778216102,8
11078570555419266825,4
13855328690138935209,4
2265038529008843835,6
17212417755758625025,8
15391881464201161382,6
17979548178277019998,7
11300603017893569823,4
3293233861143200909,8
8562458123105026684,4
8105638006623381209,4
5698875869970760451,4
11313532879772291217,8
5970817075528973816,8
9661197211210697050,8
11730722368654022312,7
15635063649396007551,8
15430948621043778061,8
4167285894747599302,8
1129509349387216869,8
17599971786799452899,8
3149478538559649235,8
13884557127553072111,8
13162190912215593234,4
6333300496472671208,3
18420020370278857098,8
4181412060625506237,4
15998631831540035294,8
10212446992320167940,8
603486959061647067,4
15667772749881296927,8
772358209041349870,8
6286606020052279588,4
12841774604615913849,7
1681322758093098613,4
11478130270722319897,8
14192675249392455110,8
755734341324982663,8
15679776075632411519,4
5634128423762581424,8
3105294762684643386,6
15632628843954495672,4
3808650322611254542,8
7970381423872252526,8
7823246989907374072,8
17153432914250175827,8
13158804093232414160,6
13995450833648613244,4
15524882861141973094,3
10167281261326785845,8
7409314670656292674,8
13520006562015986200,4
8987388975257652378,8
11328103927241494233,8
4604257830856031808,4
16024473970838144928,8
4814098548291703178,1
13224539246728156858,8
10646530246715543553,7
12854591569030752121,4
18428243541439848896,4
18049290092450652117,8
3465133350222010088,8
7798545677896270655,8
16841681045660907618,8
16414245320451710866,4
1125466186184492145,8
6657162476112319248,7
8324373745893212160,8
5788273518645264919,8
5030918650489943738,8
11323629763313006565,8
6922101103648232869,4
4126071778382524320,8
7168421413040801808,8
7236969705006783426,7
5011180816949655427,8
6088173587212979288,8
15490365478803579889,1
13518371959651300326,8
11335626234852834055,8
6035891279287947015,8
8695824535090974124,8
7485118116045359245,8
4866206247198302798,3
1612610787335761916,8
6968450879041261886,4
871433783428802456,4
14119410514111938214,8
15320703988190484390,7
17334118357194300531,4
3799749610613258518,8
4966974629525059077,8
11784205617729206768,8
16256486105789109923,3
17025002794780957035,8
14125148913065625271,8
16291136741268835608,4
12561994743344013399,8
1017956974268296986,4
9495900052969455947,4
9224157307303634576,8
8201232099447908723,8
17524776592835453421,6
6832717862914258295,8
9249570268883228880,8
8293696047040425199,8
8210867229922699806,8
11440578415082185055,1
4794612937913497662,7
1362125418590240028,8
366632336552669072,4
8104059464448373230,8
8300520926912789397,8
5406628408729203179,8
11759117761509410088,8
15056132564702947899,3
9223691514971112569,8
6651026533578674040,8
8502226167089800985,4
7554255318690611106,4
8042902873471929030,8
14963919019775845322,4
5989009599989846246,4
8206317732123940164,8
9187696826596625642,8
813415296941927072,3
3272648073151876831,6
1306389865233569638,8
9294304926271629141,8
8526292245120401746,3
10638559954484901158,4
16193247369142027114,8
5665007424007486381,8
17200291698093118384,8
16420055489636067503,8
6618900026724440414,6
13025649015168114975,3
16036967043905067884,8
4466841077812663739,8
5980537837555515722,4
8605742430891667480,3
12548534343478322862,8
7721147826337619749,8
17633170710009883251,4
8111655215769241650,8
3575860154437041250,4
293822090170360913,8
737742429173123362,6
13865895407466899597,3
10579839954212677594,8
677465325591948639,8
4855052580104617732,8
12018363234603814409,8
6158671487415445814,8
12265477550218661473,8
7635477262231797052,8
5533163222378237971,4
11696099487684810573,8
12494606092717739947,8
10936519631496428897,1
9611153333552607928,8
4089289307603044509,6
7170987545195366674,3
590927484290628943,7
11624213636146490753,8
5262560325283750389,8
17785868430305932152,4
15571206939873185465,8
16190334296727482968,4
4196835264261062669,7
14157212389613599846,3
12191460029024532422,4
8416890556196680791,4
14545817611419768076,8
14264652545501617586,6
9247205663894506352,3
6597244664287376833,8
3285961131116251453,8
1480557817231766273,8
10080264424159506028,8
8652549075907451520,4
2916220962705242801,8
12321491624919413576,8
2030384657188985831,8
17122367192171225798,8
296615042451769672,4
4698216094474718613,8
10180673204818240864,4
15750445374489763756,8
4482156107171210005,4
11265453182012299980,4
6607207494116356195,6
3701435673094097256,8
7670310439076291682,8
2584699245745252636,4
1188551834639041329,8
4198514857115189463,8
18092952104975587934,8
63973714289843731,8
1726813857311173332,8
16018864494356482945,4
16491203206866776869,7
12249060852767830709,4
10409377128979302097,8
13206584587792740327,4
12449893279708698297,8
1680643456844799731,8
2225341030114778191,4
4768752015748607570,8
4718723093591756570,8
149727257087739003,4
10020850374805737631,8
8179323503511855281,4
11570663355774591155,7
4008944473807450284,8
6091028063767518194,4
7277681181450027550,8
1630098300327507960,7
8076504224400925480,7
13226229522308574405,8
18092783626668818727,4
11161613320277155201,8
7567965510781335288,3
6863845282980702709,7
8537181835018869339,8
12765219200656874680,6
11618597128556542952,8
12176808131436613697,8
15842221163824379438,8
3180237011025322321,4
15478608536428360308,8
15230942324940238402,4
12176126008222695277,8
16773018624417580405,8
18316015909618002494,6
17867599782670455497,7
14119247506798375543,8
5547219760774313060,6
16833808721366872873,4
16579413583343421133,8
15636422414945362153,8
18009792703423426916,8
13275499636073514437,4
13252649066085164341,3
8962811190966134307,4
3468418602722623919,8
6620695913127402213,8
111717439354768706,8
13488936681144626546,6
10891117201999956151,7
2448512704079532421,8
193024571151232839,7
2265057675807179107,8
14492612256781562708,8
6843407012615055951,8
9996529665569768055,8
13666278483318525427,8
16969337180179635988,8
9835255544296372487,8
1462596385887731109,7
2450679497836151627,8
15680304848319392749,7
14801996333741698165,8
16485202546807470518,8
710370574304223009,3
1601863839391874932,4
10127393799803885299,8
2864198715001199191,8
7281330099788241207,8
7060767109073239408,1
1975598190734340897,8
10742135208072031975,8
15449735255412656773,8
2886304354882496797,6
15746240846518305493,8
5606192507666052027,4
17424316755842863787,8
8957698300278181748,4
2887721306193468296,8
15092197951906558463,8
11024349036793147294,8
8502677265768361775,3
14859812599858897805,8
10141684346765390034,8
17222611795065087055,4
16206930174893044666,8
15197306929181164992,8
1836452802719054572,8
4016258716692886576,8
10514564454560872520,4
17801096005401634323,8
17474946109171395267,8
11813396100290576858,8
397863318267697086,4
15643164182507727305,8
17029451225897986529,4
11546344338661811376,7
3516163089705894054,8
8213344075110825428,4
15969274170415404934,8
2961059934806403292,8
15882531530732727664,4
1550184552258663425,8
14653338023367921541,4
5497219959091367232,4
3642062056493143982,8
13465393825121445098,4
7726143292814192679,8
1731776542053137906,8
8760321949284960327,8
10804018812178427,8
11446554021091186034,8
3904215820504773670,8
5436402386597507144,6
9569966429759431951,8
3817613710303195720,8
9237389510376145308,4
12927745404901831085,6
11399718613455284782,8
17882858022673003876,8
16055236528932789113,3
16016505205998568613,4
4284346238836765545,8
11421802793229152299,8
5110840822938817811,3
16259787039954156514,4
7332007794464669589,8
16354043832229263175,8
16293649443005276932,4
9305230623286807680,8
1814992541893123784,8
1548916458529050362,4
301068820154052880,4
11153351715123059681,4
13906928329367541194,4
1845415031991308152,3
15678636929960320920,1
14667761514119078859,4
5552142725798828542,8
11128262049977973757,8
10968352715152183159,3
10817527747831217222,8
737016369767499803,4
5224971538896883532,8
7095126847407180922,8
934395416677709727,4
4237745607947425481,7
10034638075990270906,7
16866439632494545160,4
2777512657390266244,8
11993226331533794956,8
14962373858169101894,8
17478866884951727870,4
16420577266546282356,8
7416440385478450224,4
14685038150163278997,4
5754728691029932790,8
1965148958310273536,7
7388136817122282932,4
13651028841402237710,7
7368467952412373386,8
13167293638321391434,3
17265234584894214598,8
16216944366733477881,4
2502879711149489707,8
7463084017154792875,8
15747876850569013740,8
1693337165633365419,8
6447950062436918375,4
1945658723587311168,8
3489181143590472231,7
13788050687356820717,8
3811324098199827444,4
702068364837053609,8
14970758323785910541,4
15945566508685464273,4
2549005893547474981,3
13357310752414389940,8
10115598100682440344,8
3974428161350961996,7
16603394832837978165,4
18341500780413031716,8
12993811830675803230,4
16361409678837239306,8
5503634314396153966,3
9052238922478826942,8
11379624050245357354,8
17488409042456523348,4
3510157682113124076,7
15970232756758674914,4
5564678133537414057,3
2129096376688023084,6
9322944291888777528,1
282930331450391645,1
14107309009213308714,8
14524271460852204925,6
5272796727289553622,8
14496662870880305442,4
16952977379811629387,8
10510586749145280892,8
591431790224110927,8
4904813284472922933,7
14851504439804189779,6
6029441311751596562,8
777088885560424400,8
15639448803027115071,8
10318144956309077116,6
14616994079524861520,8
8371493834475022932,8
14112580395989590200,8
6911448166028605590,8
2341910347721471791,8
9371874078925405186,8
3352029679372852979,4
14414213553870778721,8
4984661627120536473,8
13562636056362747912,8
13061097446614148159,4
520635609229634137,8
15942849931145792831,3
4656547921517888894,4
16704142119030522265,4
1924149986507557579,8
2104903737589440228,8
5217532210914964967,8
12560728220718045670,8
464501348929774638,1
5422388413748473180,8
14905066672902908909,8
9988098868448036349,4
9655832636777799673,7
17431567436151017304,8
1231359265381733123,8
16269141836775458549,1
15183688702399589868,8
175777696733265162,8
6808985772790711288,7
14329952582163269412,8
9591211465498521695,8
11082732799293862551,8
16353760341159640100,8
17287187308552422454,8
4873986800374767916,8
3880667614536977648,8
1593269656046491784,8
18436921968555745619,4
8860114001875742304,7
1115193897585457111,8
2765325813556606960,8
5566858546623988109,8
7130251045498128063,4
814258698712593215,4
12270081080918730089,8
9077197157425734581,4
12102045416226365492,8
13350977523456302718,8
5155935045240243174,1
6741786321106563020,8
12715946564810739500,4
825211852688203416,8
16063278892230098541,8
12671412541487611479,8
1681242962421456431,8
1685287554092345086,8
799850027900700292,8
16754457095506960771,8
14349090885641946716,4
5650512677834171157,8
14556407802191884713,4
18398826554207838710,8
12946081882236277804,6
8786053605070483377,8
13759545480686903068,6
9214196830161387520,8
4769661190735956381,8
16172336167651363236,7
8679624218024408406,8
16884815001029526755,8
8229037055821228288,4
16962614270757586372,8
2974465712472961063,4
15162639260384279035,7
7820693904172760664,4
7168688696804471384,8
4236192850971070325,8
3119503085757596180,4
4600884525277123928,8
14348976510101933692,8
11120034441708283734,8
16452156256914822848,8
9642005408759627169,1
18426513528030625579,6
8248678003055572779,6
17099866658014121661,4
16300544534067480196,8
10679755077091904517,7
760633564673152636,8
6034293767745385138,4
10066366135586774051,8
10295233321234276279,1
869140306193778661,4
7669545249509359810,8
14937148819283490198,4
5059608577566174884,8
4601775921314168307,8
8296256720616594904,7
13146285988133830156,8
13573997283225658582,8
14811517317805883603,8
1036039333968610484,7
2130061471232304399,8
11997939559871779544,8
8415406991725125215,3
8589244008580731378,8
13224986176433380838,8
308450319474324226,8
8533789584003329885,4
10065211984043412943,8
2541909278986195583,8
4105411932966587091,8
3686065246308127700,8
17917544134288795200,4
17400633004103019680,8
14266852319750192012,4
3772439343567112927,4
1772811553950957356,8
7435213959342604872,8
10232981206524407313,7
3954129011611081926,8
5817479820787697469,8
12846769861894969779,4
6371427832760467146,8
7231487030778299756,8
12783135853253487568,8
15538462164221065759,3
11458704639251234990,8
11900648883255267615,7
14284854560807870766,8
5250401742414570146,6
12532348164104784729,4
1531686086677749533,4
1045152873901050889,8
5054401759593532186,6
12414984086680094357,4
4241537944039545019,7
10721375646544828116,3
9184259479484942894,8
2031372697351106147,8
11235884693254730948,3
17936848749381814653,8
16031963854414346918,6
9939086107142314410,8
4239304681796700394,4
11640139131475219404,8
14633513300500258298,4
8239700265164930479,4
2477192265582104424,8
16668055465750114078,8
9287398553072483293,8
1345637708724328021,8
6578190882780024413,4
12291269074021541054,8
10849099895963769887,8
4517763227247439691,8
11900774790872058056,1
5682845357690589496,4
1443745962076280648,8
18335723739235566595,8
4682005576274628901,8
5137905995409735838,8
12936231368415810309,8
1724051981152551093,8
7693173488890492635,8
8113645066278003567,8
7728003389609784127,8
2647213432489391897,4
17860613120075037916,8
3237279123915326947,8
13376602837898370069,8
6531732130560249312,8
12391379837078516224,4
16613855128526709616,8
13382628413032912847,8
11731908654141098695,4
7405831705376664822,6
12928492789906347147,4
15198316631321146063,8
8029025889543866738,4
18221535444422104682,8
8673222679839910029,8
9496898083498603789,8
5742484193744236078,8
14523752413045295659,8
9922597386081684345,4
12397948301043157937,8
10009215954052239330,8
6903524588918452033,3
2630738354527335518,4
5345936448062854426,3
13668253051733348751,4
4137835547547578135,4
16550872431012785939,3
4052294998515838304,4
17691290562735157940,4
15371179601164800784,8
15087363245695912367,4
3333260518438819982,4
10457693602554917593,8
5307140363469027810,4
3396127043984586308,8
3076420384799058124,7
10675400540400767557,8
93256067643012494,8
9788442190487526583,8
3751558453885238420,4
15892307735527099571,8
3091843147866659994,4
16123257797605210485,8
4744919135843382280,8
14796554546190672137,7
10907243932155534013,4
926054140729034357,8
15397113629388028798,4
661312878524932508,8
7223627151277937923,8
4979313955966070608,8
5565718144312255152,8
2719679196594321269,8
15043768931442006468,6
9722418938962263447,7
